6686a5bb62777c498ff10a9a,"
失去所持有的道具时，速度会提高。
","对战中当失去携带物品时速度加倍。
轻装特性发动中，如果获得新的道具、失去轻装特性或者被换下场，则效果消失。
如果本来就没有携带物品，则轻装特性不发动。
轻装特性引发的速度加倍状态不会被接棒传递。
宝可梦不可思议迷宫系列具该特性的宝可梦如无携带物品，每回合可以攻击2次且只消耗1ＰＰ。
",84,轻装,"[飞腿郎, 木守宫, 森林蜥蜴, 蜥蜴王, 飘飘球, 随风球, 扒手猫, 酷豹, 敏捷虫, 绵绵泡芙, 胖甜妮, 摔角鹰人, 狡小狐, 猾大狐, 大狃拉, 滋汁鼹, 涂标客]"
6686a5bb62777c498ff10a9b,"
原本ＨＰ变得很少时才会吃树果，在ＨＰ还有一半时就会把它吃掉。
","对战中当宝可梦的ＨＰ不大于最大ＨＰ的1⁄2，而不是通常的1⁄4时，携带的树果就会被食用。
",82,贪吃鬼,"[小拉达, 拉达, 喇叭芽, 口呆花, 大食花, 呆呆兽, 臭泥, 臭臭泥, 卡比兽, 壶壶, 蛇纹熊, 直冲熊, 溶食兽, 吞食兽, 跳跳猪, 噗噗猪, 小卡比兽, 花椰猴, 花椰猿, 爆香猴, 爆香猿, 冷水猴, 冷水猿, 熔蚁兽, 贪心栗鼠, 藏饱栗鼠, 啃果虫, 苹裹龙, 丰蜜龙, 爱吃豚, 飘香豚, 裹蜜虫]"
6686a5bb62777c498ff10a9c,"
要害被击中时，会大发雷霆，攻击力变为最大。
","对战中当被击中要害时，攻击提升至+6阶级。
处于替身状态下的宝可梦，无法发动该特性。
",83,愤怒穴位,"[猴怪, 火暴猴, 肯泰罗, 喷火驼, 黑眼鳄, 混混鳄, 流氓鳄, 好胜蟹, 好胜毛蟹]"
6686a5bb62777c498ff10a9d,"
比较对手的防御和特防，根据较低的那项能力相应地提高自己的攻击或特攻。
","对战中该特性的宝可梦出场时，对手防御小于特防时，自身攻击提升1级；对手防御大于或等于特防时，自身特攻提升1级。
在双打对战及三打对战时，用对方所有宝可梦的防御总和与特防总和来计算。
该特性会受到能力变化与力量戏法状态的影响。
该特性不会受到携带的道具、沙暴天气对岩石属性的特防加成、影响能力但不影响能力变化的特性（例如神奇鳞片）以及奇妙空间状态的影响。
",88,下载,"[多边兽, 多边兽2型, 多边兽乙型, 盖诺赛克特]"
6686a5bb62777c498ff10a9e,"
下雨天气时和受到水属性的招式时，ＨＰ会回复。晴朗天气时和受到火属性的招式时，ＨＰ会减少。
","对战中具有该特性的宝可梦不受水属性招式的影响，当被水属性的招式击中时，回复最大ＨＰ的1⁄4。
该特性只能令自身不受水属性招式的影响，不能将水属性招式的目标转移至自身。
该特性对水属性的变化招式有效。包括通过其他方式变为水属性的变化招式。
对于连续招式，只会触发1次特性效果。
触发该特性时，与没有效果相同，不会发动招式的追加效果。
该特性的宝可梦无法触发自身携带的球根或光苔。
该特性的宝可梦进入守住状态无法通过被水属性招式击中回复ＨＰ。在下雨或大雨天气下，该特性的宝可梦每回合回复最大ＨＰ的1⁄8。
该特性的宝可梦受到火属性招式攻击的话，会受到1.25倍的伤害。
在大晴天或大日照天气下，该特性的宝可梦每回合失去最大ＨＰ的1⁄8。
",87,干燥皮肤,"[派拉斯, 派拉斯特, 迷唇姐, 不良蛙, 毒骷蛙, 伞电蜥, 光电伞蜥]"
6686a5bb62777c498ff10a9f,"
每次畏缩时，不屈之心就会燃起，速度也会提高。
","对战中该特性的宝可梦陷入畏缩状态后，速度提升1级。
《时之探险队／暗之探险队／空之探险队》该特性的宝可梦进入弱视和畏缩状态时，速度提升1级。
",80,不屈之心,"[腕力, 豪力, 怪力, 大葱鸭, 飞天螳螂, 超梦, 无畏小子, 战舞郎, 利欧路, 路卡利欧, 艾路雷朵, 岩狗狗, 鬃岩狼人, 毛毛角羊, 葱游兵]"
6686a5bb62777c498ff10aa0,"
使用拳类招式的威力会提高。
","对战中拳类招式的威力上升20%。
",89,铁拳,"[快拳郎, 安瓢虫, 小火焰猴, 猛火猴, 烈焰猴, 搬运小匠, 铁骨土人, 修建老匠, 泥偶小人, 泥偶巨人, 顽皮熊猫, 霸道熊猫, 好胜蟹, 好胜毛蟹, 美录梅塔, 布拨, 布土拨, 巴布土拨]"
6686a5bb62777c498ff10aa1,"
变为中毒状态时，ＨＰ不会减少，反而会增加起来。
","对战中在中毒和剧毒状态下，ＨＰ不会因为中毒而减少；每回合回复最大ＨＰ的1⁄8。
剧毒状态的伤害计数会在每次行动后增加，失去毒疗特性后剧毒状态的伤害计数不会重置。
",90,毒疗,"[蘑蘑菇, 斗笠菇, 天蝎王]"
6686a5bb62777c498ff10aa2,"
面对性别相同的对手，会燃起斗争心，变得更强。而面对性别不同的，则会变弱。
","对战中对手与自身性别相同时，招式威力提升25%；性别不同时威力下降25%。双方只要有一方为性别不明时，招式威力不变，群体对战的群体伤害中，多性别仍然为同性威力提升25%，不同性别威力下降25%。
",79,斗争心,"[尼多兰, 尼多娜, 尼多后, 尼多朗, 尼多力诺, 尼多王, 狩猎凤蝶, 小猫怪, 勒克猫, 伦琴猫, 豆豆鸽, 咕咕鸽, 高傲雉鸡, 牙牙, 斧牙龙, 双斧战龙, 小狮狮, 火炎狮]"
6686a5bb62777c498ff10aa3,"
如果使用连续招式，总是能使出最高次数。
","对战中使用攻击次数浮动在2～5次之间的连续招式时，攻击次数会固定在5次。使用三连踢、三旋击或鼠数儿时，只计算一次命中率。
即使发动攻击的宝可梦的特性在中途失去连续攻击特性（如变为木乃伊特性），仍然会继续攻击最大次数。",92,连续攻击,"[大舌贝, 刺甲贝, 长尾怪手, 赫拉克罗斯, 双尾怪手, 泡沫栗鼠, 奇诺栗鼠, 小笃儿, 喇叭啄鸟, 铳嘴大鸟]"
6686a5bb62777c498ff10aa4,"
受到电属性的招式攻击时，不会受到伤害，而是速度会提高。
","对战中具有该特性的宝可梦不受电属性招式的影响，当被电属性的招式击中时，提升1级速度。
该特性只能令自身不受电属性招式的影响，不能将电属性招式的目标转移至自身。
该特性对电属性的变化招式有效。包括通过其他方式变为电属性的变化招式。
对于连续招式，只会触发1次特性效果。
触发该特性时，与没有效果相同，不会发动招式的追加效果。
该特性的宝可梦无法触发自身携带的充电电池。",78,电气引擎,"[电击魔兽, 斑斑马, 雷电斑马, 电飞鼠]"
6686a5bb62777c498ff10aa5,"
下雪天气时，闪避率会提高。
","天气处于冰雹或下雪状态时，闪避率提升20%。
不具有冰属性的宝可梦获得该特性后不受冰雹天气的伤害。
",81,雪隐,"[穿山鼠, 穿山王, 六尾, 九尾, 急冻鸟, 小山猪, 长毛猪, 冰伊布, 象牙猪, 雪妖女, 迷你冰, 多多冰, 喷嚏熊, 冻原熊, 走鲸]"
6686a5bb62777c498ff10aa6,"
耐热的体质会让火属性的招式伤害减半。
","对战中该特性的宝可梦受到火属性招式和灼伤造成的伤害变为原本的1⁄2。
灼伤的降低物理招式伤害效果对该特性宝可梦仍然会触发。",85,耐热,"[铜镜怪, 青铜钟, 小炭仔, 斯魔茶, 来悲粗茶]"
6686a5bb62777c498ff10aa7,"
能力变化会变为平时的２倍。
","对战中该特性的宝可梦上升或下降能力变化变为原来的两倍。
如果能力变化已经无法再提高或降低，尽管依然能使用改变能力的招式，但能力不会再改变。
该特性在生效时不会展示该特性。
通过接棒把能力变化传递给该特性的宝可梦时，能力变化不会加倍。
若使用自我暗示对对方的能力变化进行复制，能力变化不会加倍。
该特性对变化招式的Ｚ力量效果无效。例如在使用Ｚ重力时，特攻只会上升 1 级 。
该特性对极巨招式产生的变化效果有效。",86,单纯,"[呆火驼, 大牙狸, 大尾狸, 滚滚蝙蝠, 心蝙蝠]"
6686a5bb62777c498ff10aa8,"
下雨天气时，异常状态会治愈。
","对战中该特性的宝可梦在下雨时，该回合最后会解除所有异常状态。
处于瞌睡状态的该特性宝可梦，由于回合结束时，先触发湿润之躯，因此在下雨时也会进入睡眠，睡眠后的下一回合若还在下雨，则可触发湿润之躯解除睡眠。
",93,湿润之躯,"[小海狮, 白海狮, 拉普拉斯, 水伊布, 迷唇娃, 长翅鸥, 泥泥鳅, 鲶鱼王, 樱花鱼, 爱心鱼, 霏欧纳, 玛纳霏, 圆蝌蚪, 蓝蟾蜍, 鸭宝宝, 舞天鹅, 保姆曼波, 小嘴蜗, 敏捷虫, 黏黏宝, 黏美儿, 黏美龙]"
6686a5bb62777c498ff10aa9,"
与自身同属性的招式威力会提高。
","对战中属性一致加成对攻击招式威力的提升从原本的1.5倍提升至2倍。
如果具有此特性的宝可梦进行了太晶化，则只有和太晶属性一致的伤害招式的加成会因适应力变为2倍，其他原本属性的属性一致加成仍为1.5倍。如果宝可梦的太晶属性与其原本的属性之一相同，则该属性的属性一致加成会变为2.25倍。
",91,适应力,"[大针蜂, 伊布, 龙虾小兵, 铁螯龙虾, 丑丑鱼, 路卡利欧, 多边兽乙型, 野蛮鲈鱼, 垃垃藻, 毒藻龙, 猫鼬少, 猫鼬探长, 幽尾玄鱼]"
6686a5bb62777c498ff10aaa,"
晴朗天气时，特攻会提高，而每回合ＨＰ会减少。
","对战中大晴天和大日照天气下特攻增至1.5倍，但每回合损失最大ＨＰ的1⁄8。
",94,太阳之力,"[小火龙, 火恐龙, 喷火龙, 向日种子, 向日花怪, 黑鲁加, 热带龙, 伞电蜥, 光电伞蜥]"
6686a5bb62777c498ff10aab,"
无论是什么属性的招式，全部会变为一般属性。威力会少量提高。
","对战中所有非一般属性的招式属性均变为一般属性，且威力变为1.2倍。
该特性的一般属性宝可梦使出受此效果的攻击招式具有属性一致加成，相当于1.2×1.5=1.8，并且能消耗一般宝石增加招式威力。
该特性的宝可梦使用对原属性没有效果的招式，依然产生效果。例如：使用电磁波可使地面属性宝可梦麻痹。
该特性的宝可梦使用冷冻干燥，仍会触发招式特效，即对水属性宝可梦的相性为2×。
变化招式的Ｚ招式会受到该特性的影响，变为一般属性。
该特性的宝可梦使用飞身重压，招式会变为一般属性和飞行属性，但只对一般属性的宝可梦计算属性一致加成。
以下情况不会受到该特性的影响：
会改变属性的一般属性招式，如觉醒力量、自然之恩、制裁光砾等招式；
攻击招式的Ｚ招式不受此特性的影响；
该特性的宝可梦进入输电状态或者受到等离子浴的影响后，使出的招式变为电属性。",96,一般皮肤,"[向尾喵, 优雅猫]"
6686a5bb62777c498ff10aac,"
变为异常状态时，速度会提高。
","陷入异常状态时速度提升50%，并无视麻痹降低速度的效果。异常状态恢复或失去特性时速度恢复。
不可思议迷宫系列陷入异常状态时速度提升1级。
",95,飞毛腿,"[雷伊布, 布鲁皇, 熊宝宝, 圈圈熊, 土狼犬, 大狼犬, 蛇纹熊, 直冲熊, 蘑蘑菇]"
6686a5bb62777c498ff10aad,"
不会受到攻击以外的伤害。
","对战中不会受到天气、道具、特性、异常状态、状态变化、除挣扎之外的反作用力伤害的招式等造成的伤害。
非伤害效果仍然保留：例如灼伤状态的攻击减半效果，剧毒状态的伤害计数增加，生命宝珠对招式威力的增幅作用。
由于未受到寄生种子的伤害，对手也不会回复ＨＰ。下列会减少ＨＰ的效果不能被此特性防止：
招式的副作用：
由于使用诅咒、替身、腹鼓、分担痛楚而失去ＨＰ
由同命、终焉之歌直接导致的濒死状态
造成自身陷入濒死状态的招式
由于挣扎而受到的反作用力伤害
由于混乱而对自己造成的伤害在第四世代中，在对战外中毒依然会减少ＨＰ。
",98,魔法防守,"[皮皮, 皮可西, 凯西, 勇基拉, 胡地, 皮宝宝, 象征鸟, 单卵细胞球, 双卵细胞球, 人造细胞卵]"
6686a5bb62777c498ff10aae,"
击中要害时，威力会变得更强。
","对战中攻击击中要害时伤害为正常击中要害伤害的1.5倍。即伤害变为未击中要害时的2.25倍。
信长的野望中攻击击中要害时伤害为正常击中要害伤害的1.5倍。
",97,狙击手,"[大针蜂, 烈雀, 大嘴雀, 墨海马, 海刺龙, 圆丝蛛, 阿利多斯, 铁炮鱼, 章鱼桶, 刺龙王, 钳尾蝎, 龙王蝎, 龟脚脚, 龟足巨铠, 泪眼蜥, 变涩蜥, 千面避役]"
6686a5bb62777c498ff10aaf,"
使出招式的顺序必定会变为最后。
","对战中在其他宝可梦使用的招式的优先度与自身使用的招式的优先度相同的情况下，拥有该特性的宝可梦一定后使用招式。当多只宝可梦同时具有该特性时，优先度仍由速度低的先使用招式。
慢出特性在场上宝可梦携带有后攻之尾与饱腹薰香时无效。该特性的宝可梦携带了先制之爪或释陀果并触发时，慢出不影响其效果。
慢出特性的宝可梦与戏法空间同时在场，慢出特性的宝可梦仍最后使用招式。
宝可梦不可思议迷宫系列除队长外该特性的宝可梦只会命中面前的对手。TS
",100,慢出,[勾魂眼]
6686a5bb62777c498ff10ab0,"
由于无防守战术，双方使出的招式都必定会击中。
","该特性宝可梦使用的招式与以该特性宝可梦为目标的招式都一定会命中，包括在飞翔、挖洞等情况的宝可梦都可以被击中，除非这只宝可梦因发号施令特性在吃吼霸的口中。
只会影响命中，不能穿透守住、快速防守、广域防守的保护。
",99,无防守,"[大比鸟, 腕力, 豪力, 怪力, 盖盖虫, 泥偶小人, 泥偶巨人, 独剑鞘, 双剑鞘, 鬃岩狼人]"
6686a5bb62777c498ff10ab1,"
攻击时可以将低威力招式的威力提高。
","对战中使用威力小于等于60的招式，威力提升原来的50%。只计算招式自身的效果对威力的影响，不计算道具、特性等其它任何的效果。
连续招式按单独每次攻击时威力判断是否触发该特性。
当雪崩的伤害因为受到对手的招式攻击而翻倍时，技术高手将不会生效。
当杂技的伤害因为没有携带物品而翻倍时，技术高手将不会生效。
当气象球的伤害因为天气而翻倍时，技术高手将不会生效。
当大地波动的伤害因为场地型状态而翻倍时，技术高手将不会生效。
当追打的伤害因为目标在本回合内准备替换下场而伤害翻倍，技术高手将不会生效。",101,技术高手,"[喵喵, 猫老大, 魔墙人偶, 飞天螳螂, 巨钳螳螂, 图图犬, 战舞郎, 斗笠菇, 音箱蟀, 罗丝雷朵, 双尾怪手, 魔尼尼, 泡沫栗鼠, 奇诺栗鼠, 玛夏多, 颤弦蝾螈, 拳拳蛸, 八爪武师, 一家鼠, 吉雉鸡]"
6686a5bb62777c498ff10ab2,"
无法使用持有的道具。
","对战中携带物品的能力失效（包括负面效果）。
拥有笨拙特性的宝可梦无法使用投掷，但能够使用掉包及戏法。
如果该特性的宝可梦使用能通过道具改变招式属性的招式时（如制裁光砾），招式为一般属性。
以下道具依然有效：
超级石、朱红色宝珠、靛蓝色宝珠和Ｚ纯晶；
影响基础点数、经验值和亲密度的携带物品（如护符金币、幸运蛋、力量负重、安抚之铃等）；
携带物品的对战外效果（如不变之石、洁净之符、头巾等）。",103,笨拙,"[卷卷耳, 长耳兔, 滚滚蝙蝠, 心蝙蝠, 差不多娃娃, 泥偶小人, 泥偶巨人, 童偶熊, 穿着熊, 电音婴, 狗仔包, 热辣娃]"
6686a5bb62777c498ff10ab3,"
晴朗天气时，不会变为异常状态。
","对战中天气是大晴天和大日照时不会陷入异常状态。
不会治愈异常状态。
",102,叶子防守,"[蔓藤怪, 菊草叶, 月桂叶, 大竺葵, 毽子草, 毽子花, 毽子棉, 毒蔷薇, 含羞苞, 巨蔓藤, 叶伊布, 宝包茧, 百合根娃娃, 裙儿小姐, 伪螳草, 兰螳花, 甜竹竹, 甜舞妮, 甜冷美后, 萨戮德]"
6686a5bb62777c498ff10ab4,"
可以不受对手特性的干扰，向对手使出招式。
","对战中拥有该特性的宝可梦使出招式时能够使目标自身、目标同伴以及自身同伴的一部分特性失效。
当拥有该特性的宝可梦登场时会出现提示：[宝可梦的名字]打破了常规！。
当拥有该特性的宝可梦强制拉对手的备战宝可梦上场时，上场的备战宝可梦的特性不会对场上的毒菱、撒菱和黏黏网状态生效。
这是破格特性唯一能够令魔法防守特性失效的情况。可以无效的特性宝可梦仅仅在受到招式影响时，它的特性才有可能因招式施加方拥有破格特性而失效。对于某些特性在受到招式影响以外的时间产生的效果，或者对于不在受到招式影响时发动的特性，破格特性没有任何作用。



生效世代

可以无效的特性


第三世代起

战斗盔甲、恒净之躯、湿气、引火、怪力钳、精神力、锐利目光、飘浮、神奇鳞片、沙隐、硬壳盔甲、鳞粉、隔音、黏着、结实、吸盘、厚脂肪、蓄电、储水、白色烟雾、神奇守护、避雷针[1]、免疫[2]、迟钝[2]、干劲[2]、不眠[2]、柔软[2]、我行我素[2]、熔岩铠甲[2]、水幕[2]


第四世代起

干燥皮肤、过滤、耐热、叶子防守、电气引擎、单纯、雪隐、坚硬岩石、蹒跚、纯朴、引水[1]、花之礼[3]、魔法防守


第五世代起

健壮胸肌、唱反调、友情防守、重金属、轻金属、魔法镜、多重鳞片、食草、心灵感应、奇迹皮肤


第六世代起

防弹、毛皮大衣、防尘、芳香幕[3]、甜幕[3]、花幕[3]、草之毛皮


第七世代起

鲜艳之躯、画皮、女王的威严、毛茸茸、水泡[2]


第八世代起

镜甲、庞克摇滚、冰鳞粉、结冻头、粉彩护幕[2]


第九世代起

热交换[2]、洁净之盐、焦香之躯、乘风、看门犬、黄金之躯、尾甲、食土、发光*、心眼、太晶甲壳
不受该特性影响的特性以下特性不会受到破格影响：
魔法防守、金属防护、幻影防守、棱镜装甲、界限盾壳、绝对睡眠等属于特性都是在受到招式影响时发动效果的。
同伴的胜利之星、蓄电池、能量点和钢之意志特性。
压迫感、妖精气场、暗黑气场、气场破坏等会对场上所有宝可梦产生作用的特性不会受到破格。
静电、孢子、火焰之躯、毒刺、迷人之躯、咒术之躯、木乃伊、粗糙皮肤、铁刺、不服输、好胜等在对方使用招式之后才发动的特性不会受到破格特性影响。信长的野望中使用招式时不受目标特性影响。
",104,破格,"[凯罗斯, 暴鲤龙, 电龙, 头盖龙, 战槌龙, 螺钉地鼠, 龙头地鼠, 投摔鬼, 打击鬼, 野蛮鲈鱼, 牙牙, 斧牙龙, 双斧战龙, 赤面龙, 顽皮熊猫, 霸道熊猫, 摔角鹰人, 幽尾玄鱼, 小锻匠, 巧锻匠, 巨锻匠, 轻身鳕, 厄诡椪]"
6686a5bb62777c498ff10ab5,"
因为拥有超幸运，攻击容易击中对手的要害。
","击中要害等级提升1级。可以与要害攻击、聚气叠加。
",105,超幸运,"[波克比, 波克基古, 黑暗鸦, 阿勃梭鲁, 乌鸦头头, 波克基斯, 豆豆鸽, 咕咕鸽, 高傲雉鸡]"
6686a5bb62777c498ff10ab6,"
变为濒死时，会对接触到自己的对手造成伤害。
","对战中当拥有这个特性的宝可梦被接触类招式击倒时，发动攻击的宝可梦将损失最大ＨＰ的1⁄4。
若场上有湿气特性的宝可梦，引爆特性不发动。
",106,引爆,"[霹雳电球, 顽皮雷弹, 飘飘球, 随风球, 臭鼬噗, 坦克臭鼬, 破破袋, 灰尘山]"
6686a5bb62777c498ff10ab7,"
出场时，只读取１个对手拥有的招式。
","对战中预知对手威力最强的招式，双打对战中会预知对方2只宝可梦中威力最强的招式。如果这样的招式有多个，将会随机预知一个。
提示为：读取了<宝可梦的名字>的<招式名称>！
变化招式的威力视为1。
基础威力为“变化”的非变化招式，威力根据以下取值。



威力

招式


150

极落钳、角钻、地裂和绝对零度


120

双倍奉还、镜面反射、金属爆炸和复仇


80

所有其他基础威力为“变化”的招式
宝可梦不可思议迷宫系列拥有该特性的宝可梦可以随机回避攻击，即使是攻击必定会命中的招式。TS
",108,预知梦,"[催眠貘, 引梦貘人, 迷唇姐, 迷唇娃, 食梦梦, 梦梦蚀]"
6686a5bb62777c498ff10ab8,"
可以察觉到对手拥有的危险招式。
","对战中对战开始时，当对手拥有效果绝佳、一击必杀招式、玉石俱碎或大爆炸时会发出警告：<宝可梦的名字>发抖了！。
其中把制裁光砾、气象球、自然之恩、双倍奉还、金属爆炸、镜面反射、高科技光炮、多属性攻击、觉醒之舞、大地波动都视作游戏中显示的属性。
危险预知不把乱流下的属性相性计入。
冷冻干燥被视作冰属性招式，对水属性宝可梦造成的效果绝佳不考虑在内。
飞身重压被视作格斗属性招式，飞行属性的相性不考虑在内。
",107,危险预知,"[小火马, 烈焰马, 伊布, 泥泥鳅, 鲶鱼王, 结草贵妇, 不良蛙, 毒骷蛙, 坚果哑铃, 迷布莉姆, 提布莉姆, 布莉姆温, 飘飘雏]"
6686a5bb62777c498ff10ab9,"
可以无视对手能力的变化，进行攻击。
","对战中拥有该特性的宝可梦使用招式攻击目标时，无视目标防御、特防和闪避率的能力变化；受到目标的招式攻击时，无视目标的攻击、特攻和命中率的能力变化。
拥有该特性的宝可梦使用欺诈攻击目标时，无视目标防御的能力变化；受到欺诈攻击时，无视自身攻击的能力变化。
该特性只在命中和伤害的计算过程中无视目标的能力变化，故：
不会影响因能力变化而改变的陀螺球、电球、辅助力量、嚣张和惩罚等招式的威力；
使用吸取力量回复的ＨＰ会根据目标攻击的能力变化而计算。
因混乱而攻击自身时，不会无视自身的能力变化。信长的野望中不受对手的能力值变化影响。
",109,纯朴,"[皮可西, 乌波, 沼王, 大牙狸, 大尾狸, 滚滚蝙蝠, 心蝙蝠, 拳海参, 科斯莫古, 呆火鳄, 炙烫鳄, 骨纹巨声鳄, 吃吼霸, 土王]"
6686a5bb62777c498ff10aba,"
受到效果绝佳的攻击时，可以减弱其威力。
","对战中效果绝佳招式造成的伤害降低1⁄4。
",111,过滤,"[魔墙人偶, 波士可多拉, 魔尼尼, 普隆隆姆]"
6686a5bb62777c498ff10abb,"
可以将效果不好的招式以通常的威力使出。
","对战中该特性的宝可梦自身发动效果不理想（属性克制≤1⁄2时）的招式伤害×2。
",110,有色眼镜,"[巴大蝶, 毛球, 摩鲁蛾, 咕咕, 猫头夜鹰, 甜甜萤, 绅士蛾, 远古巨蜓, 象征鸟, 勇士雄鹰, 豆蟋蟀, 烈腿蝗]"
6686a5bb62777c498ff10abc,"
在５回合内，攻击和速度减半。
","对战中该特性的宝可梦上场的前五回合物理招式的伤害和速度能力减半。
",112,慢启动,"[雷吉奇卡斯, 噗隆隆]"
6686a5bb62777c498ff10abd,"
一般属性和格斗属性的招式可以击中幽灵属性的宝可梦。对威吓也毫不动摇。
","对战中拥有该特性的宝可梦使用一般属性及格斗属性招式可以命中幽灵属性宝可梦，属性相性改为×1，另一属性参与计算。
拥有该特性的宝可梦不会受到威吓的影响。
",113,胆量,"[大葱鸭, 袋兽, 大奶罐, 傲骨燕, 大王燕, 吼爆弹, 爆音怪, 长耳兔, 哈约克, 长毛狗, 顽皮熊猫, 霸道熊猫, 狙射树枭, 葱游兵, 缠红鹤]"
6686a5bb62777c498ff10abe,"
将水属性的招式引到自己身上，不会受到伤害，而是会提高特攻。
","具有该特性的宝可梦不受水属性招式的影响，当被水属性的招式击中时，提升1级特攻。
场上其他宝可梦（包括同伴）使出的作用范围为单体的水属性招式的目标强制转移至该特性的宝可梦。若场上有多只宝可梦拥有此特性，将吸引到速度较高的那只。万众瞩目可以覆盖这个效果。螺旋尾鳍、坚毅、狙击可以无视这个效果。
即使处于守住状态，依然能够吸引水属性的招式，但特攻不会提升。
该特性对水属性的变化招式有效。包括通过其他方式变为水属性的变化招式。
对于连续招式，只会触发1次特性效果。
触发该特性时，与没有效果相同，不会发动招式的追加效果。
该特性的宝可梦无法触发自身携带的球根或光苔。
可以吸引同伴的极巨水流，即便极巨水流无法直接对同伴使用。宝可梦不可思议迷宫系列拥有该特性的宝可梦吸收整层的敌人的水属性招式，使其效果无效化。敌方队伍如果也有拥有引水特性的宝可梦，可以使我方的效果无效化。TS
",114,引水,"[触手百合, 摇篮百合, 无壳海兔, 海兔兽, 荧光鱼, 霓虹鱼, 沙铃仙人掌, 米立龙]"
6686a5bb62777c498ff10abf,"
下雪天气时，会缓缓回复ＨＰ。
","对战中天气处于冰雹或下雪状态时，每回合结束时回复最大ＨＰ的1⁄16。
不具有冰属性的宝可梦获得该特性后不受冰雹天气的伤害。
",115,冰冻之躯,"[小海狮, 白海狮, 魔墙人偶, 雪童子, 冰鬼护, 海豹球, 海魔狮, 帝牙海狮, 雷吉艾斯, 冰伊布, 迷你冰, 多多冰, 双倍多多冰, 冰宝, 冰岩怪, 踏冰人偶, 鳃鱼海兽, 凉脊龙, 冻脊龙, 戟脊龙]"
6686a5bb62777c498ff10ac0,"
受到效果绝佳的攻击时，可以减弱其威力。
","对战中效果绝佳招式造成的伤害降低1⁄4。
",116,坚硬岩石,"[喷火驼, 超甲狂犀, 原盖海龟, 肋骨海龟]"
6686a5bb62777c498ff10ac1,"
出场时，会将天气变为下雪。
","对战中当该宝可梦登场时，天气转为下雪并持续5回合。
在携带了道具冰冷岩石的情况下，下雪会持续8回合。
在大雨、大日照和乱流天气下，特性发动失败。
如果有多只拥有可更换天气特性的宝可梦同时登场，那么将会按照宝可梦的速度依次发动特性改变天气，后者覆盖前者。发动失败的情况下除外。",117,降雪,"[六尾, 九尾, 雪笠怪, 暴雪王, 双倍多多冰, 冰雪龙, 冰雪巨龙]"
6686a5bb62777c498ff10ac2,"
战斗结束时，有时候会捡来甜甜蜜。
","对战外在对战结束后，如果拥有该特性的宝可梦没有携带物品，那么它可能采到甜甜蜜，等级越高采到甜甜蜜的几率越高。
以下为各等级采到甜甜蜜的概率表。



等级

概率


1-10

5


11-20

10


21-30

15


31-40

20


41-50

25


51-60

30


61-70

35


71-80

40


81-90

45


91-100

50
宝可梦不可思议迷宫系列拥有该特性的宝可梦得到宝箱后，提升该宝箱开出蜂蜜的概率。
",118,采蜜,"[熊宝宝, 三蜜蜂, 萌虻, 蝶结萌虻]"
6686a5bb62777c498ff10ac3,"
自己会因反作用力受伤的招式，其威力会提高。
","对战中使用具有反作用力伤害的招式时，招式威力提升20%。作用范围包括飞踢、飞膝踢和下压踢，但不包括挣扎、惊爆大头、铁蹄光线和叶绿爆震。
宝可梦不可思议迷宫系列使受到作用的招式的基础威力翻倍。
",120,舍身,"[飞腿郎, 独角犀牛, 钻角犀兽, 姆克儿, 姆克鸟, 姆克鹰, 超甲狂犀, 炎武王, 野蛮鲈鱼, 功夫鼬, 师父鼬, 爆炸头水牛, 堵拦熊]"
6686a5bb62777c498ff10ac4,"
出场时，可以察觉对手的持有物。
","对战中该特性的宝可梦出场后，察觉全部对手携带的道具。如果对手没有携带物品，则不会出现任何提示。如果对手有携带物品，则会有一个提示出现：<宝可梦的名字>察觉到了<对手宝可梦的名字>的<道具名称>！如果对手不止一个，还会出现提示：连<对手宝可梦的名字>携带的<道具名称>也察觉到了！。
对手交换宝可梦后，不管交换上场的宝可梦有没有携带道具，特性均无法发动。
",119,察觉,"[胖可丁, 椰蛋树, 火暴兽, 尾立, 大尾立, 蜻蜻蜓, 惊角鹿, 怨影娃娃, 诅咒娃娃, 夜巡灵, 彷徨夜灵, 远古巨蜓, 黑夜魔灵, 哥德宝宝, 哥德小童, 哥德小姐, 小木灵, 朽木妖, 南瓜精, 南瓜怪人, 嗡蝠, 音波龙, 以欧路普, 捣蛋小妖, 诈唬魔, 长毛巨魔, 诡角鹿, 飘飘雏, 超能艳鸵, 愿增猿]"
6686a5bb62777c498ff10ac5,"
自己的属性会根据持有的石板而改变。
","对战中宝可梦携带相应石板或Ｚ纯晶时改变属性。
拥有该特性的宝可梦在对战中不能获得或失去石板。
",121,多属性,[阿尔宙斯]
6686a5bb62777c498ff10ac6,"
晴朗天气时，自己与同伴的攻击和特防能力会提高。
","对战中在大晴天或大日照天气时，己方所有宝可梦攻击与特防提升50%，樱花儿的形态会从阴天形态变为晴天形态。
该特性仅当拥有者为樱花儿时有效，当樱花儿失去该特性时会变回阴天形态。
",122,花之礼,[樱花儿]
6686a5bb62777c498ff10ac7,"
招式的追加效果消失，但因此能以更高的威力使出招式。
","对战中附带追加效果的攻击招式的威力提升30%，但这些招式的追加效果不再发动。
对王者之证、锐利之牙和投掷道具带来的效果无效，这些效果能够正常发动，并且招式的威力也不会因此上升。
对极巨招式无效。
对千波激荡、紧咬不放两个造成无法逃走状态的招式无效，但对缝影、掷锚有效。
对上菜能提升招式威力，但追加效果仍然能正常发动。
在《朱／紫》Ver2.0.1前，对喷射拳能提升招式威力，尽管该招式无附带追加效果。
对电光束能提升招式威力，尽管该招式无附带追加效果。如果攻击方发动了强行特性，下列在伤害计算后才处理的效果会被忽略：
防御方的变色、怒火冲天、跃跃欲逃、危险回避、顺手牵羊特性；
防御方的陷阱甲壳招式的触发；
攻击方携带的贝壳之铃、防御方携带的红牌、逃脱按键、亚开果、香罗果；
攻击方的生命宝珠的损失ＨＰ的副作用，但不包括增加招式威力的效果。",125,强行,"[尼多后, 尼多王, 大钳蟹, 巨钳蟹, 肯泰罗, 小锯鳄, 蓝鳄, 大力鳄, 大钢蛇, 幕下力士, 铁掌力士, 大嘴娃, 喷火驼, 大颚蚁, 宝贝龙, 头盖龙, 战槌龙, 搬运小匠, 铁骨土人, 修建老匠, 达摩狒狒, 赤面龙, 毛头小鹰, 勇士雄鹰, 土地云, 铳嘴大鸟, 铜象, 大王铜象, 劈斧螳螂, 怒鹦哥, 走鲸, 浩大鲸]"
6686a5bb62777c498ff10ac8,"
给予睡眠状态的对手伤害。
","对战中每个回合结束时，所有处于睡眠状态或者具有特性绝对睡眠的对手宝可梦的ＨＰ损失最大ＨＰ的1⁄8。
",123,梦魇,[达克莱伊]
6686a5bb62777c498ff10ac9,"
能力的变化发生逆转，原本提高时会降低，而原本降低时会提高。
","对战中该特性的宝可梦受到的能力变化变为原本的反向。上升变为下降，下降变为上升。包括受到对方的特性（如威吓）、招式（如摇尾巴）的影响，以及自身使用降低使用者能力的招式带来的影响。
通过接棒或自我暗示传递的能力变化会正常保留。
麻痹或灼伤造成的能力降低不受影响。
唱反调的判定优先于白雾、能力防守和花幕。
使用腹鼓会令攻击能力等级变为-6，并降低ＨＰ。
变化招式变为Ｚ招式后，Ｚ力量效果附加的能力变化不受该特性的影响。
例如，变圆变为Ｚ招式后，Ｚ力量效果的命中率+1不受该特性的影响，而招式本身的防御+1效果仍会因为唱反调而变成-1。
由攻击招式变为的Ｚ招式，如九彩升华齐聚顶、炽魂热舞烈音爆，其附加的能力变化仍会因为该特性而反向变动。",126,唱反调,"[壶壶, 晃晃斑, 藤藤蛇, 青藤蛇, 君主蛇, 好啦鱿, 乌贼王, 伪螳草, 兰螳花, 眷恋云]"
6686a5bb62777c498ff10aca,"
让对手紧张，使其无法食用树果。
","对战中对手的宝可梦无法使用树果。
该特性的宝可梦使用虫咬、啄食攻击对方，依然能获得树果效果。
紧张感特性在上场时发动，且必定先于其他特性（不包括化学变化气体）。通过复制、找伙伴、特性互换得到的紧张感则不会立即发动，而会等到场上有宝可梦登场后才优先发动。
紧张感特性的宝可梦一离场（替换、倒下），特性的效果消失的瞬间树果就会发动效果。
紧张感特性阻碍回复ＨＰ的树果发动效果的情况下，紧张感特性的宝可梦受到同伴的全场攻击招式的伤害倒下后，同回合内对手也受到该招式的伤害，在濒死判定前树果的效果会发动，回复ＨＰ，最终导致对手虽然ＨＰ变为了0但是由于随后树果的回复而没有陷入濒死状态。
在第五世代，结算顺序有些不同，紧张感的宝可梦一倒下对手的树果就会立刻发动效果回复ＨＰ，随后再计算受到的该全场攻击招式的伤害，且伤害会大幅减少，但结果还是一样，不会陷入濒死状态，最终剩余的ＨＰ等于ＨＰ为0的状态下树果回复的ＨＰ量。
只有在对手的ＨＰ变为0之前，对手的ＨＰ在树果可以发动效果的范围之内才会出现此现象。
紧张感特性的宝可梦使用玉石俱碎或者大爆炸令对手的ＨＰ变为0的情况下也会出现此现象。以下招式或特性不受该特性的影响：
茶会
大快朵颐
反刍对战外增加闯入对战发生的几率。
",127,紧张感,"[阿柏蛇, 阿柏怪, 喵喵, 猫老大, 化石翼龙, 超梦, 圈圈熊, 戴鲁比, 黑鲁加, 班基拉斯, 雨翅蛾, 蜂女王, 电电虫, 电蜘蛛, 牙牙, 斧牙龙, 双斧战龙, 小狮狮, 火炎狮, 穿着熊, 稚山雀, 蓝鸦, 钢铠鸦, 蕾冠王, 月月熊]"
6686a5bb62777c498ff10acb,"
ＨＰ减半时，会变得软弱，攻击和特攻会减半。
","对战中该特性的宝可梦ＨＰ不足1⁄2时，攻击与特攻降为1⁄2。
",129,软弱,"[始祖小鸟, 始祖大鸟]"
6686a5bb62777c498ff10acc,"
被对手降低能力时，攻击会大幅提高。
","对战中能力变化被对手降低时，每降低一种能力，攻击就会提升2级。若有多个能力被下降，那么上升攻击的阶级相应增加。
下列情况将触发此特性：
受到对手的招式影响导致能力变化降低（例如受到清除浓雾）。
受到对手的特性影响导致能力变化降低（例如受到威吓）。
踩到对手撒出的黏黏网导致速度降低*。
极巨团体战中神秘障壁被打破导致防御和特防降低，会触发两次。下列情况不能触发此特性：
由于招式的副作用导致能力变化降低（例如使用近身战）。
双打对战中由队友使用招式导致能力变化降低（例如使用抛下狠话）
由于道具的作用导致能力变化降低（例如发动客房服务）
由于满身糖等状态的作用导致能力变化降低",128,不服输,"[猴怪, 火暴猴, 大葱鸭, 闪电鸟, 东施喵, 驹刀小兵, 劈斩司令, 勇士雄鹰, 龙卷云, 雷电云, 投掷猴, 堵拦熊, 列阵兵, 弃世猴, 仆刀将军, 厄诡椪]"
6686a5bb62777c498ff10acd,"
有时会治愈异常状态的同伴。
","对战中在双打和三打对战中，每回合结束有30%的机率治愈一名同伴的异常状态。
",131,治愈之心,"[吉利蛋, 美丽花, 幸福蛋, 差不多娃娃, 保姆曼波, 粉香香, 芳香精, 迷布莉姆, 提布莉姆, 布莉姆温]"
6686a5bb62777c498ff10ace,"
受到攻击时，有时会把对手的招式变为定身法状态。
","对战中该特性的宝可梦受到攻击时，有30%几率使目标陷入定身法状态。
以下情况时该特性仍能发动：
攻击方处于替身状态；
该特性的宝可梦因攻击而陷入濒死状态；
攻击方为同伴宝可梦。连续招式的每次攻击都可能触发该特性，陷入定身法状态之后剩余的攻击次数仍会正常进行。
目标通过招式Ａ（如挥指、梦话）间接使出了攻击招式Ｂ，则触发特性时招式Ａ会陷入定身法状态。
若间接使出的招式Ｂ为蓄力的招式，则陷入定身法状态的是蓄力的招式。被定身法后通过通过A招式再次使出这个蓄力的招式，只有蓄力的回合能正常进行，蓄力后的回合会因为定身法状态而攻击失败。该特性对Ｚ招式生效，但陷入定身法状态的是Ｚ招式而不是原本的招式。
如果是变化招式升级成的Ｚ招式（例如Ｚ自然之力），则陷入定身法状态的是原本招式。拥有该特性的宝可梦在替身状态下时特性不会发动。
",130,咒术之躯,"[耿鬼, 嘎啦嘎啦, 太阳珊瑚, 怨影娃娃, 诅咒娃娃, 雪妖女, 轻飘飘, 胖嘟嘟, 来悲茶, 怖思壶, 多龙梅西亚, 多龙奇, 多龙巴鲁托]"
6686a5bb62777c498ff10acf,"
可以减少我方的伤害。
","对战中己方场上除自己以外的宝可梦受到的招式直接造成的伤害减少1⁄4。
如果自身场上有多个拥有该特性的宝可梦，特性效果可以叠加。
如在三打对战中有两只拥有友情防守的宝可梦，则另外一只宝可梦受到的伤害就会减少为原来的3⁄4 × 3⁄4 = 9⁄16。
",132,友情防守,"[皮皮, 胖丁, 皮宝宝, 宝宝丁, 小福蛋, 粉蝶虫, 粉蝶蛹, 彩粉蝶, 一家鼠]"
6686a5bb62777c498ff10ad0,"
受到物理招式的伤害时，防御会降低，速度会大幅提高。
","对战中受到物理招式攻击时，防御降低1级，速度提升2级。物理连续招式的每一击都会触发此特性。
",133,碎裂铠甲,"[大岩蛇, 菊石兽, 多刺菊石兽, 化石盔, 镰刀盔, 熔岩虫, 熔岩蜗牛, 太阳珊瑚, 盔甲鸟, 石丸子, 地幔岩, 石居蟹, 岩殿居蟹, 灰尘山, 迷你冰, 多多冰, 双倍多多冰, 秃鹰丫头, 秃鹰娜, 来悲茶, 怖思壶, 魔灵珊瑚, 红莲铠骑, 苍炎刃鬼]"
6686a5bb62777c498ff10ad1,"
自身的重量会变为２倍。
","对战中自身体重变为正常的两倍。
",134,重金属,"[可可多拉, 可多拉, 波士可多拉, 铜镜怪, 青铜钟, 铜象, 大王铜象, 铝钢龙]"
6686a5bb62777c498ff10ad2,"
自身的重量会减半。
","对战中自身体重变为正常的一半。
",135,轻金属,"[巨钳螳螂, 铁哑铃, 金属怪, 巨金怪, 雷吉斯奇鲁, 铝钢龙]"
6686a5bb62777c498ff10ad3,"
变为中毒状态时，物理招式的威力会提高。
","对战中中毒或剧毒状态时，攻击力增加50%。
",137,中毒激升,[猫鼬斩]
6686a5bb62777c498ff10ad4,"
变为灼伤状态时，特殊招式的威力会提高。
","对战中拥有有该特性的宝可梦陷入灼伤状态时，特攻上升50%。
",138,受热激升,"[飘飘球, 随风球]"
6686a5bb62777c498ff10ad5,"
ＨＰ全满时，受到的伤害会变少。
","对战中ＨＰ全满时，受到的攻击伤害减为原来的1⁄2。
",136,多重鳞片,"[快龙, 洛奇亚]"
6686a5bb62777c498ff10ad6,"
可以多次制作出已被使用掉的树果。
","每回合结束有50%机率获得使用过的树果（包括对方宝可梦携带，但被该特性的宝可梦使用），大晴天或大日照下几率为100%。
收获特性每回合最多触发一次。如果携带的树果在再次获得后立即被消耗，直到下一次收获能再次触发。
如果超过一个宝可梦有收获特性，速度快的宝可梦先获得使用过的树果。
收获特性无法重复获得被其他宝可梦使用的树果。例如对方宝可梦使用了虫咬。
",139,收获,"[蛋蛋, 椰蛋树, 热带龙, 小木灵, 朽木妖, 迷你芙, 奥利纽, 奥利瓦]"
6686a5bb62777c498ff10ad7,"
每一回合，能力中的某项会大幅提高，而某项会降低。
","对战中每回合结束时攻击、防御、特攻、特防、速度中随机一项提升2级，随机另一项降低1级。
",141,心情不定,"[铁炮鱼, 章鱼桶, 图图犬, 雪童子, 冰鬼护, 大牙狸, 大尾狸, 狠辣椒]"
6686a5bb62777c498ff10ad8,"
读取我方的攻击，并闪避其招式伤害。
","对战中该特性的宝可梦不会被同伴的物理招式和特殊招式命中。例如：在双打对战中，同伴对自身以外的宝可梦使用放电，该特性宝可梦不会受到攻击。
",140,心灵感应,"[果然翁, 拉鲁拉丝, 奇鲁莉安, 沙奈朵, 玛沙那, 恰雷姆, 小果然, 帝牙卢卡, 帕路奇亚, 骑拉帝纳, 食梦梦, 梦梦蚀, 小灰怪, 大宇怪, 嗡蝠, 音波龙, 智挥猩, 卡璞・鸣鸣, 卡璞・蝶蝶, 卡璞・哞哞, 卡璞・鳍鳍, 索侦虫, 天罩虫, 以欧路普, 虫甲圣]"
6686a5bb62777c498ff10ad9,"
只通过接触就有可能让对手变为中毒状态。
","对战中该特性的宝可梦使用接触类招式时，有30%的概率使目标陷入中毒状态。
该特性的触发在招式的附加效果之后单独判定。
例如：该特性的宝可梦使用毒击时，优先判定招式30%概率使目标中毒的附加效果。若未触发，则继续判定毒手特性。毒手可以在目标的木乃伊、甩不掉的气味或游魂发动前使对方中毒。
连续招式每次攻击时都可能使目标中毒。
若目标携带了密探斗篷，毒手不会发动。
",143,毒手,"[臭泥, 臭臭泥, 不良蛙, 毒骷蛙, 蟾蜍王, 垃垃藻, 毒藻龙, 大狃拉, 涂标客]"
6686a5bb62777c498ff10ada,"
不会受到沙暴的伤害。也不会受到粉末类和孢子类招式的影响。
","对战中该特性的宝可梦不会受到沙暴和冰雹天气带来的影响，对粉末类招式免疫。
",142,防尘,"[大舌贝, 刺甲贝, 榛果球, 佛烈托斯, 甲壳龙, 结草儿, 结草贵妇, 虫宝包, 宝包茧, 保姆虫, 单卵细胞球, 双卵细胞球, 人造细胞卵, 骑士蜗牛, 小嘴蜗, 秃鹰丫头, 秃鹰娜, 心鳞宝, 鳞甲龙, 杖尾鳞甲龙, 眷恋云, 噗隆隆, 普隆隆姆]"
6686a5bb62777c498ff10adb,"
退回同行队伍后，ＨＰ会少量回复。
","对战中交换下场时，回复自身最大ＨＰ的1⁄3。
如果在特性受到影响时离场，先判定再生力特性的ＨＰ回复再恢复特性。因此，受无特性或特性互换等效果影响而失去再生力特性的宝可梦离场时不回复ＨＰ。通过特性互换或复制获得再生力特性后离场时回复ＨＰ。
再生力特性不受回复封锁影响。
",144,再生力,"[呆呆兽, 呆壳兽, 蔓藤怪, 呆呆王, 太阳珊瑚, 凤王, 巨蔓藤, 差不多娃娃, 单卵细胞球, 双卵细胞球, 人造细胞卵, 哎呀球菇, 败露球菇, 保姆曼波, 功夫鼬, 师父鼬, 龙卷云, 好坏星, 超坏星, 幼棉棉, 白蓬蓬, 毛崖蟹, 摩托蜥, 蜜集大蛇]"
6686a5bb62777c498ff10adc,"
不会受到防御降低的效果。
","对战中该特性的宝可梦的防御能力不会下降。
",145,健壮胸肌,"[波波, 比比鸟, 大比鸟, 聒噪鸟, 豆豆鸽, 咕咕鸽, 高傲雉鸡, 鸭宝宝, 舞天鹅, 秃鹰丫头, 秃鹰娜, 小箭雀, 稚山雀, 蓝鸦, 下石鸟]"
6686a5bb62777c498ff10add,"
沙暴天气时，速度会提高。
","对战中沙暴天气时，速度能力变为原来的2倍。
拥有该特性的宝可梦不受沙暴天气的伤害。
",146,拨沙,"[穿山鼠, 穿山王, 哈约克, 长毛狗, 螺钉地鼠, 龙头地鼠, 鬃岩狼人, 雷鸟龙, 鳃鱼龙, 墓扬犬]"
6686a5bb62777c498ff10ade,"
成为不易受到变化招式攻击的身体。
","对战中变化招式对该特性的宝可梦命中率减半。
",147,奇迹皮肤,"[摩鲁蛾, 向尾喵, 优雅猫, 象征鸟, 磨牙彩皮鱼]"
6686a5bb62777c498ff10adf,"
假扮成同行队伍中的最后一只宝可梦出场，迷惑对手。
","对战中出场时幻化为同行宝可梦中最后一只有战斗能力的宝可梦的样子，受到攻击招式伤害时，消除幻觉效果。
此外，使用Ｚ招式后或失去幻觉特性，会消除幻觉效果。
处于幻觉状态中的宝可梦可以极巨化，同时不会消除幻觉效果，但幻化成苍响、藏玛然特及无极汰那时无法极巨化。
处于幻觉状态中的宝可梦可以太晶化，除了幻化为厄诡椪、太乐巴戈斯以外，不会消除幻觉效果。
幻化为厄诡椪、太乐巴戈斯时，就算太晶属性为该形态仅有的太晶属性（例如太晶属性为草，且幻化为碧草面具厄诡椪），一旦太晶化也会消除幻觉效果。拥有这个特性的宝可梦变身时，会连形态、性别、称呼对象的昵称（仅限和朋友对战时）、根据体重而变化的出场落地特效、是否为异色以及精灵球的种类都一并变化，但唯独等级显示的是自身的等级。
变身时只改变外形与名字等视觉上的要素，不改变属性相克、特性、招式与实际性别。
替换宝可梦会导致同行宝可梦的排序改变，幻觉特性以交换前的宝可梦顺序决定。如果同行宝可梦中最后一只不处于濒死状态的宝可梦是幻觉宝可梦本身，幻觉特性不会发动。对幻觉状态下的宝可梦使用变身会失败，对幻觉特性的宝可梦使用变身后，不会发动该特性，并无法发动变身者。
对战外在《朱／紫》中，拥有该特性的野生宝可梦有时会幻化为附近的野生宝可梦的样子，并在进入对战后保持幻化的样子，受到攻击招式伤害时，消除幻觉效果。
",149,幻觉,"[索罗亚, 索罗亚克]"
6686a5bb62777c498ff10ae0,"
如果在最后使出招式，招式的威力会提高。
","对战中如果其他所有宝可梦的行动都在自己之前，则自己使用的招式的威力提高30%。
如果其他所有宝可梦都是在本回合替换上场的，分析特性也能发动。
",148,分析,"[小磁怪, 三合一磁怪, 海星星, 宝石海星, 多边兽, 多边兽2型, 自爆磁怪, 多边兽乙型, 探探鼠, 步哨鼠, 小灰怪, 大宇怪]"
6686a5bb62777c498ff10ae1,"
变身为当前面对的宝可梦。
","对战中主页面：变身（状态）登场时以对手对应位置的宝可梦为目标进入变身状态。在皇家对战中，以该特性宝可梦的对角线位置为目标进入变身状态。
如果目标处于幻觉之下、变身状态、替身的保护下，或者目标位置没有宝可梦，则变身者特性发动失败。
如果目标是太晶化的厄诡椪，或是自身已太晶化且目标是厄诡椪，则变身者特性发动失败。
",150,变身者,[百变怪]
6686a5bb62777c498ff10ae2,"
可以穿透对手的壁障或替身进行攻击。
","对战中该特性的宝可梦不受对方的反射壁、光墙、神秘守护、白雾、替身和极光幕状态影响。
如果使用的招式是变身或者自由落体，仍然不能穿透替身。
",151,穿透,"[超音蝠, 大嘴蝠, 叉字蝠, 毽子草, 毽子花, 毽子棉, 铁面忍者, 饭匙蛇, 花岩怪, 木棉球, 风妖精, 烛光灵, 灯火幽灵, 水晶灯火灵, 妙喵, 超能妙喵, 好啦鱿, 乌贼王, 嗡蝠, 音波龙, 多龙梅西亚, 多龙奇, 多龙巴鲁托, 纳噬草, 怖纳噬草]"
6686a5bb62777c498ff10ae3,"
被对手接触到后，会将对手变为木乃伊。
","对战中受到接触类招式攻击时，攻击方的特性变为木乃伊。
如果该接触类招式是连续招式，在第一下攻击后攻击方的特性会变为木乃伊，并且与增减招式伤害无关的特性效果在攻击结束前仍旧存在。
连续攻击特性变为木乃伊后，仍然会继续攻击最大次数。
亲子爱特性变为木乃伊后，仍然会继续攻击第二次，并且第二击的威力仍然是第一击的1⁄4。
胆量特性变为木乃伊后，如果使用的连续招式是一般属性或格斗属性，从第二下开始的攻击仍然能打中幽灵属性。
诸如毅力、大力士之类能增减招式伤害的特性变为木乃伊后，这类特性的效果会立刻消失。如果拥有坚硬脑袋特性的宝可梦使用了反作用力伤害的招式，则仍然要受到反作用力伤害。
如果攻击方特性为甩不掉的气味或无法被覆盖的特性，如多属性、达摩模式、战斗切换、界限盾壳、鱼群、画皮、结冻头、牵绊变身、群聚变形、绝对睡眠、ＡＲ系统、一口导弹、人马一体、全能变身、发号施令、古代活性、夸克充能、绯红脉动、强子引擎等，则攻击方的特性不会变为木乃伊。
",152,木乃伊,"[哭哭面具, 迭失棺]"
6686a5bb62777c498ff10ae4,"
如果打倒对手，就会充满自信，攻击会提高。
","对战中该特性的宝可梦打败任意一方的一只宝可梦后，自身攻击提升1级。
该特性的宝可梦使用接触类招式打败特性为木乃伊的宝可梦后，特性变为木乃伊，不触发自信过度的效果。
",153,自信过度,"[凯罗斯, 暴鲤龙, 赫拉克罗斯, 大狼犬, 暴飞龙, 乌鸦头头, 黑眼鳄, 混混鳄, 流氓鳄, 滑滑小子, 头巾混混, 小狮狮, 火炎狮, 润水鸭, 涌跃鸭, 狂欢浪舞鸭]"
6686a5bb62777c498ff10ae5,"
受到恶属性的招式攻击时，因为正义感，攻击会提高。
","对战中受到恶属性招式攻击时，自身攻击提升1级。该特性的宝可梦受到恶属性连续招式时，每一次攻击都能触发该特性。
",154,正义之心,"[卡蒂狗, 风速狗, 阿勃梭鲁, 路卡利欧, 艾路雷朵, 勾帕路翁, 代拉基翁, 毕力吉翁, 凯路迪欧]"
6686a5bb62777c498ff10ae6,"
受到恶属性、幽灵属性和虫属性的攻击或威吓时，会因胆怯而速度提高。
","对战中该特性的宝可梦受到恶属性、幽灵属性和虫属性属性招式攻击时，速度提升1级。对于恶属性、幽灵属性和虫属性连续招式，每次攻击都能触发该特性。
受到威吓影响，该特性的宝可梦速度提升1级。
",155,胆怯,"[喵喵, 猫老大, 鲤鱼王, 芭瓢虫, 树才怪, 土龙弟弟, 布鲁, 布鲁皇, 土狼犬, 咕妞妞, 珍珠贝, 盆才怪, 野蛮鲈鱼, 喷嚏熊, 来电汪, 电音婴, 海地鼠, 三海地鼠, 土龙节节, 索财灵]"
6686a5bb62777c498ff10ae7,"
可以不受到由对手使出的变化招式影响，并将其反弹。
","对战中主页面：魔法反射（状态）自身在场时持续处于魔法反射状态，将对方以自身为目标的部分变化招式无效化，并反弹给招式的使用者。
",156,魔法镜,"[天然雀, 天然鸟, 太阳伊布, 勾魂眼, 阿勃梭鲁, 蒂安希, 迷布莉姆, 提布莉姆, 布莉姆温]"
6686a5bb62777c498ff10ae8,"
受到草属性的招式攻击时，不会受到伤害，而是攻击会提高。
","对战中具有该特性的宝可梦不受草属性招式的影响，当被草属性的招式击中时，提升1级攻击。
该特性只能令自身不受草属性招式的影响，不能将草属性招式的目标转移至自身。
该特性对草属性的变化招式有效。包括通过其他方式变为草属性的变化招式。
对于连续招式，只会触发1次特性效果。
触发该特性时，与没有效果相同，不会发动招式的追加效果。",157,食草,"[玛力露, 玛力露丽, 麒麟奇, 惊角鹿, 大奶罐, 露力丽, 斑斑马, 雷电斑马, 四季鹿, 萌芽鹿, 爆炸头水牛, 坐骑小羊, 坐骑山羊, 黏黏宝, 黏美儿, 黏美龙, 老翁龙, 诡角鹿, 奇麒麟]"
6686a5bb62777c498ff10ae9,"
可以率先使出变化招式。
","对战中该特性的宝可梦使用变化招式时优先度+1，包括变化招式的Ｚ招式。
受此特性影响的变化招式对对手的恶属性宝可梦无效。
对入场宝可梦生效的招式、影响天气的招式与戏法空间等招式并不直接影响场上的宝可梦，就算对手宝可梦是恶属性也可以正常作用。
恶作剧之心特性的宝可梦自身借助变化招式使出的攻击招式（如通过挥指、借助等）同样无法对恶属性宝可梦造成伤害。如果使用的招式本身优先度为 0，经过恶作剧之心的加成后优先度为正，则可以被快速防守、精神场地、女王的威严等所抵挡。
恶属性的宝可梦受到以自身为目标的变化招式，仍能使用魔法反射或凭借魔法镜把恶作剧之心引起优先度增加的变化招式无效化，并反弹给招式的使用者，除非该使用魔法反射的宝可梦同是恶作剧之心特性的宝可梦且反弹的对象是恶属性宝可梦。

",158,恶作剧之心,"[黑暗鸦, 勾魂眼, 电萤虫, 甜甜萤, 诅咒娃娃, 利欧路, 扒手猫, 酷豹, 木棉球, 风妖精, 龙卷云, 雷电云, 超能妙喵, 钥圈儿, 捣蛋小妖, 诈唬魔, 长毛巨魔, 滋汁鼹, 涂标客]"
6686a5bb62777c498ff10aea,"
沙暴天气时，岩石属性、地面属性和钢属性的招式威力会提高。
","对战中在沙暴天气下，该特性的宝可梦不受沙暴伤害，同时使用的岩石属性、钢属性、地面属性招式威力提升30%。
",159,沙之力,"[地鼠, 三地鼠, 大钢蛇, 朝北鼻, 无壳海兔, 海兔兽, 烈咬陆鲨, 沙河马, 河马兽, 大朝北鼻, 石丸子, 地幔岩, 庞岩怪, 螺钉地鼠, 龙头地鼠, 土地云]"
6686a5bb62777c498ff10aeb,"
ＨＰ变为一半以下时，样子会改变。
","对战中在ＨＰ不足一半时转变为达摩模式形态，替换、ＨＰ恢复至1⁄2以上或者战斗结束后形态恢复。如果进入战斗时ＨＰ不足一半，则会在开始战斗一回合后转变为达摩模式形态。
",161,达摩模式,[达摩狒狒]
6686a5bb62777c498ff10aec,"
用铁刺给予接触到自己的对手伤害。
","对战中受到接触类招式攻击时对手会损失最大体力的1⁄8。
连续招式的每一击都会触发此特性。
有铁刺特性的宝可梦使用守住并被攻击方使用Ｚ招式攻击时，铁刺特性不会发动。",160,铁刺,"[种子铁球, 坚果哑铃, 托戈德玛尔]"
6686a5bb62777c498ff10aed,"
自己和同伴的命中率会提高。
","对战中场上己方全部宝可梦的招式的命中率×1.1。
该特性不影响一击必杀招式的命中率。
",162,胜利之星,[比克提尼]
6686a5bb62777c498ff10aee,"
可以不受对手特性的干扰，向对手使出招式。
","对战中当拥有该特性的宝可梦登场时会出现提示：「[宝可梦的名字]正在释放炽焰气场！」
拥有该特性的宝可梦使出招式时能够使目标自身、目标同伴以及自身同伴的一部分特性失效。
当拥有该特性的宝可梦强制拉对手的备战宝可梦上场时，上场的备战宝可梦的特性不会对场上的毒菱、撒菱和黏黏网状态生效。
可以无效的特性所有会被无效化的特性，都是在受到招式影响时能够发动的特性。



引入世代

可以无效的特性


第三世代

战斗盔甲、恒净之躯、湿气、引火、怪力钳、精神力、锐利目光、飘浮、神奇鳞片、沙隐、硬壳盔甲、鳞粉、隔音、黏着、结实、吸盘、厚脂肪、蓄电、储水、白色烟雾、神奇守护、避雷针*、免疫†、迟钝†、干劲†、不眠†、柔软†、我行我素†、熔岩铠甲†、水幕†


第四世代

干燥皮肤、过滤、耐热、叶子防守、电气引擎、单纯、雪隐、坚硬岩石、蹒跚、纯朴、引水*、花之礼‡、魔法防守


第五世代

健壮胸肌、唱反调、友情防守、重金属、轻金属、魔法镜、多重鳞片、食草、心灵感应、奇迹皮肤


第六世代

防弹、毛皮大衣、防尘、芳香幕‡、甜幕‡、花幕‡


第七世代

鲜艳之躯、画皮、女王的威严、毛茸茸、水泡†


第八世代

镜甲、庞克摇滚、冰鳞粉、结冻头、粉彩护幕†
注*：涡轮火焰特性也会使避雷针和引水的强制选择目标效果失效。
注†：涡轮火焰特性能够使免疫、迟钝、干劲、不眠、柔软、我行我素、熔岩铠甲、水幕等特性失效而使得拥有这些特性的宝可梦暂时陷入对应的异常状态，但轮到拥有上述特性的宝可梦行动时，它们会立即发动特性治愈这些异常状态。
注‡：涡轮火焰特性能够使同伴的花之礼、芳香幕、花幕、甜幕等特性失效。即使同伴拥有这些特性，拥有涡轮火焰特性的宝可梦在攻击时也会受到目标的黏滑、迷人之躯、咒术之躯和道具红线等的影响，并且不会因为花之礼而增加攻击。信长的野望中使用招式时不受目标特性影响。
",163,涡轮火焰,"[莱希拉姆, 酋雷姆]"
6686a5bb62777c498ff10aef,"
可以不受对手特性的干扰，向对手使出招式。
","对战中当拥有该特性的宝可梦登场时会出现提示：[宝可梦的名字]正在释放溅射气场！*
拥有该特性的宝可梦使出招式时能够使目标自身、目标同伴以及自身同伴的一部分特性失效。
当拥有该特性的宝可梦强制拉对手的后备宝可梦上场时，上场的后备宝可梦的特性不会对场上的毒菱、撒菱和黏黏网状态生效。
可以无效的特性所有会被无效化的特性，都是在受到招式影响时能够发动的特性。



引入世代

可以无效的特性


第三世代

战斗盔甲、恒净之躯、湿气、引火、怪力钳、精神力、锐利目光、飘浮、神奇鳞片、沙隐、硬壳盔甲、鳞粉、隔音、黏着、结实、吸盘、厚脂肪、蓄电、储水、白色烟雾、神奇守护、避雷针*、免疫†、迟钝†、干劲†、不眠†、柔软†、我行我素†、熔岩铠甲†、水幕†


第四世代

干燥皮肤、过滤、耐热、叶子防守、电气引擎、单纯、雪隐、坚硬岩石、蹒跚、纯朴、引水*、花之礼‡、魔法防守


第五世代

健壮胸肌、唱反调、友情防守、重金属、轻金属、魔法镜、多重鳞片、食草、心灵感应、奇迹皮肤


第六世代

防弹、毛皮大衣、防尘、芳香幕‡、甜幕‡、花幕‡


第七世代

鲜艳之躯、画皮、女王的威严、毛茸茸、水泡†


第八世代

镜甲、庞克摇滚、冰鳞粉、结冻头、粉彩护幕†
注*：兆级电压特性也会使避雷针和引水的强制选择目标效果失效。
注†：兆级电压特性能够使免疫、迟钝、干劲、不眠、柔软、我行我素、熔岩铠甲、水幕等特性失效而使得拥有这些特性的宝可梦暂时陷入对应的异常状态，但轮到拥有上述特性的宝可梦行动时，它们会立即发动特性治愈这些异常状态。
注‡：兆级电压特性能够使同伴的花之礼、芳香幕、花幕、甜幕等特性失效。即使同伴拥有这些特性，拥有兆级电压特性的宝可梦在攻击时也会受到目标的黏滑、迷人之躯、咒术之躯和道具红线等的影响，并且不会因为花之礼而增加攻击。不会受到兆级电压影响的特性金属防护、幻影防守、棱镜装甲、界限盾壳、绝对睡眠特性被设定为不会受到兆级电压特性影响，即使这些特性都是在受到招式影响时发动效果的。
同伴的胜利之星、蓄电池、能量点和钢之意志特性。
压迫感、妖精气场、暗黑气场、气场破坏等会对场上所有宝可梦产生作用的特性。
静电、孢子、火焰之躯、毒刺、迷人之躯、咒术之躯、木乃伊、粗糙皮肤、铁刺、不服输、好胜等在对方使用招式之后才发动的特性。",164,兆级电压,"[捷克罗姆, 酋雷姆]"
6686a5bb62777c498ff10af0,"
我方的草属性宝可梦能力不会降低，也不会变为异常状态。
","对战中存在花幕特性的宝可梦的一方，其所有的草属性宝可梦的能力变化将不会被对方的宝可梦降低，并且其所有的草属性宝可梦不会陷入异常状态。 
可以防止瞌睡状态。已经处于瞌睡状态的宝可梦受到花幕保护后，在下个回合结束时仍会陷入睡眠状态。
不能防止剧毒宝珠、火焰宝珠造成的剧毒和灼伤状态，睡觉造成的睡眠状态和森林咒术造成的森林咒术状态。
花幕特性不能避免自身使用近身战、飞叶风暴、流星群等招式和碎裂铠甲、心情不定等特性造成的能力变化下降的效果。
",166,花幕,"[花蓓蓓, 花叶蒂, 花洁夫人, 花疗环环]"
6686a5bb62777c498ff10af1,"
无论是哪种树果，食用后，ＨＰ都会回复。
","对战中该特性的宝可梦食用树果时可触发原本的效果，同时额外恢复1⁄3ＨＰ。若处于回复封锁时，无法恢复ＨＰ。
训练家从包包里拿出来使用的树果对该特性无效。
",167,颊囊,"[掘掘兔, 掘地兔, 咚咚鼠, 贪心栗鼠, 藏饱栗鼠, 一家鼠]"
6686a5bb62777c498ff10af2,"
对手给予的物理招式的伤害会减半。
","对战中对战中受到物理招式攻击时伤害减半。
受到精神击破、精神冲击、神秘之剑攻击时，伤害亦减半。
不影响固定伤害类招式的伤害。该特性不会提升扑击的伤害。
",169,毛皮大衣,"[猫老大, 多丽米亚]"
6686a5bb62777c498ff10af3,"
变为与自己使出的招式相同的属性。每次出场战斗仅生效一次。
","对战中自身的属性在使用招式之前变为所使用的招式的属性。转换属性的效果持续直到离开场地为止。对于两种属性的宝可梦，触发变幻自如时变为只有一种属性。
挣扎不会触发变幻自如特性。
招式属性不固定（比如觉醒力量）时，触发变幻自如特性，使用者的属性变为不固定属性招式的实际属性。
保护色触发变幻自如特性时，使用者属性先变为一般属性，接着再根据场地改变属性。
使用预知未来或者破灭之愿时，无论是使用的回合还是攻击的回合都不会触发该特性。
使用合体招式时，如果该特性的宝可梦是最先使用的话，不会触发该特性。后手的话会触发。
该特性的宝可梦使用招式后，属性一致加成会根据改变后的属性提升招式威力。
当招式没有命中或被守住时，依然能触发变幻自如。
太晶化的宝可梦使用招式时，不会触发变幻自如特性。
",168,变幻自如,"[变隐龙, 呱呱泡蛙, 呱头蛙, 甲贺忍蛙, 新叶喵, 蒂蕾喵, 魔幻假面喵]"
6686a5bb62777c498ff10af4,"
夺走被自己的招式击中的对手的道具。
","对战中当该特性的宝可梦攻击时可偷取对方的携带物品。该特性的宝可梦使用投掷、自然之恩、破灭之愿和预知未来时，当回合不会发动特性。
礼物和花粉团只有在造成伤害时发动特性。在魔术师特性发动前，烧净、虫咬、啄食、小偷、渴望和拍落会偷走或消耗道具。
当该特性的宝可梦携带宝石后，本回合消耗宝石时不会发动特性。但携带强力香草时，在消耗强力香草后会发动特性。
该特性的宝可梦使用连续招式时，最后一次攻击发动特性。如果发动魔术师特性的当回合，宝可梦由于凸凸头盔等原因濒死时，不会偷取道具。
如果招式的追加效果使对手陷入了异常状态，同时对手又携带了能解除这种异常状态的树果的话，树果会先于魔术师特性发动导致其不会被偷取。
如果对携带了白色香草的对手使用诸如魔法火焰之类可以降低对方能力的招式，在对手的能力降低后，在道具发动效果前魔术师特性就会发动把道具夺取过来。
如果偷走的是生命宝珠或贝壳之铃，其削减或回复体力的效果会立刻发动。
对于木乃伊的宝可梦，攻击当回合会消除魔术师特性，无法偷取道具。
以下道具无法偷取：
邮件；
阿尔宙斯携带的石板；
盖诺赛克特携带的卡带；
银伴战兽携带的存储碟；
骑拉帝纳携带的白金宝珠；
固拉多携带的朱红色宝珠；
盖欧卡携带的靛蓝色宝珠；
能够超级进化的宝可梦携带的与自己对应的超级石；
Ｚ纯晶；
苍响携带的腐朽的剑；
藏玛然特携带的腐朽的盾；
厄诡椪携带的面具。",170,魔术师,"[火狐狸, 长尾火狐, 妖火红狐, 钥圈儿, 胡帕]"
6686a5bb62777c498ff10af5,"
可以防住对手的球和弹类招式。
","对战中该特性的宝可梦免疫球和弹类招式的伤害。
",171,防弹,"[哈力栗, 胖胖哈力, 布里卡隆, 心鳞宝, 鳞甲龙, 杖尾鳞甲龙, 毛辫羊, 毛毛角羊, 啃果虫, 月月熊]"
6686a5bb62777c498ff10af6,"
因为颚部强壮，啃咬类招式的威力会提高。
","对战中该特性的宝可梦使用啃咬类招式的威力上升50%。
",173,强壮之颚,"[巨牙鲨, 宝宝暴龙, 怪颚龙, 冰岩怪, 猫鼬少, 猫鼬探长, 磨牙彩皮鱼, 咬咬龟, 暴噬龟, 逐电犬, 鳃鱼龙]"
6686a5bb62777c498ff10af7,"
如果被对手降低能力，特攻会大幅提高。
","对战中能力变化被对手降低时，每降低一种能力，特攻就会提升2级。
下列情况将触发此特性：
受到对手的招式影响导致能力变化降低（例如受到清除浓雾）
受到对手的特性影响导致能力变化降低（例如受到威吓）
踩到黏黏网导致速度降低
极巨团体战中神秘障壁被打破导致防御和特防降低，会触发两次下列情况不能触发此特性：
由于招式的副作用导致能力变化降低（例如使用近身战）
双打对战中由队友使用招式导致能力变化降低（例如使用抛下狠话）
由于道具的作用导致能力变化降低（例如发动客房服务）
由于满身糖等状态的作用导致能力变化降低",172,好胜,
6686a5bb62777c498ff10af8,"
一般属性的招式会变为冰属性。威力会少量提高。
","对战中一般属性招式变为冰属性招式，且威力变为1.2倍。
觉醒力量、自然之恩、制裁光砾、高科技光炮、觉醒之舞和多属性攻击这些会改变属性的一般属性招式会先改变自身属性，然后承受冰冻皮肤特性的判定。因此只要这些招式的最终属性不是一般属性，就既不会变成冰属性，又不会被增幅威力。
具有该特性的宝可梦进入输电状态后，使出的一般属性招式会变为电属性且不会被提升威力。
被该特性转化为冰属性的招式不会因为等离子浴的效应变成电属性。
具有此特性的冰属性宝可梦使出的一般属性攻击招式具有属性一致加成，并且能消耗冰之宝石增加招式威力。
",174,冰冻皮肤,"[冰鬼护, 冰雪龙, 冰雪巨龙]"
6686a5bb62777c498ff10af9,"
自己和同伴的宝可梦不会变为睡眠状态。
","对战中当拥有甜幕特性的宝可梦在场时，不让己方在场中的宝可梦进入瞌睡或睡眠状态。
已经处于瞌睡状态的宝可梦受到甜幕保护后，不会因为瞌睡而进入睡眠状态。
",175,甜幕,"[绵绵泡芙, 胖甜妮, 萌虻, 蝶结萌虻, 甜竹竹, 甜舞妮, 甜冷美后, 小仙奶, 霜奶仙]"
6686a5bb62777c498ff10afa,"
如果使出攻击招式，会变为刀剑形态，如果使出招式“王者盾牌”，会变为盾牌形态。
","对战中坚盾剑怪使用攻击招式时会变为刀剑形态，当使用王者盾牌时变为盾牌形态，使用其余的变化招式，形态不会改变。若招式由梦话抽取到，形态也会改变。
战斗切换在自己使用招式前发动，该判定于一些可能导致无法行动的状态（如混乱、睡眠）之后。
战斗切换不能被特性互换交换，不受目标特性改变的招式和木乃伊特性的影响，也不能被扮演招式或复制特性复制。
使用招式变身或发动特性变身者获得战斗切换特性的宝可梦无法改变形态。
",176,战斗切换,
6686a5bb62777c498ff10afb,"
ＨＰ全满时，飞行属性的招式可以率先使出。
","对战中在ＨＰ全满时，对战中使用的飞行属性招式优先度+1。对原本优先度为正的招式及觉醒力量、自然之恩无效。
如果使用的招式本身优先度为0，经过疾风之翼的加成后优先度为正，则可以被快速防守所抵挡。
疾风之翼对Ｚ招式以及极巨招式有效。如果宝可梦发动该特性并使用极速俯冲轰烈撞、极巨飞冲时，目标正处于快速防守状态，攻击也能成功但伤害减少到原来的1⁄4。
",177,疾风之翼,
6686a5bb62777c498ff10afc,"
波动和波导类招式的威力会提高。
","对战中该特性的宝可梦所使用除治愈波动以外的波动和波导类招式的威力会提高50%，治愈波动的ＨＰ回复变为最大ＨＰ的3⁄4。
",178,超级发射器,"[水箭龟, 铁臂枪虾, 钢炮臂虾]"
6686a5bb62777c498ff10afd,"
在青草场地时，防御会提高。
","对战中当对战场地处于青草场地状态时，拥有草之毛皮特性的宝可梦的防御会提升50%。
",179,草之毛皮,
6686a61e62777c498ff10afe,"
同伴使用道具时，会把自己持有的道具传递给同伴。
","对战中在双打对战或三打对战中，如果己方其他宝可梦消耗了其携带的道具，拥有共生特性的宝可梦会将自己的道具转移给它。
包括使用自然之恩和投掷产生的道具转移；包括啄食和虫咬产生的道具消耗。
对于No.36—No.52的树果，当受到伤害时，才能触发该特性。
如果在群聚对战或三打对战有多只该特性的宝可梦，共生特性会触发给速度较快的宝可梦。（在戏法空间下相同）
该特性无效的情况：
其他宝可梦使用了小偷等招式转移其道具，被烧净烧毁。
无法转移下列宝可梦的道具：
携带了Ｚ纯晶、超级石的宝可梦；
携带了朱红色宝珠的固拉多；
携带了靛蓝色宝珠的盖欧卡；
携带了卡带的盖诺赛克特；
携带了石板的阿尔宙斯；
携带了白金宝珠的骑拉帝纳；
携带了存储碟的银伴战兽。",180,共生,
6686a61e62777c498ff10aff,"
一般属性的招式会变为妖精属性。威力会少量提高。
","对战中自己使用的一般属性招式会变成妖精属性，且威力变为1.2倍。
觉醒力量、自然之恩、制裁光砾、高科技光炮、觉醒之舞和多属性攻击这些会改变属性的一般属性招式会先改变自身属性，然后承受妖精皮肤特性的判定。因此只要这些招式的最终属性不是一般属性，就既不会变成妖精属性，又不会被增幅威力。
具有该特性的宝可梦进入输电状态后，使出的一般属性招式会变为电属性且不会被提升威力。
被该特性转化为妖精属性的招式不会因为等离子浴的效应变成电属性。
Ｚ招式不受此特性影响。
极巨招式受此特性影响会将原本的极巨攻击改为极巨妖精，但是没有威力加成。
具有此特性的妖精属性宝可梦使出的一般属性攻击招式具有属性一致加成，并且能消耗妖精宝石增加招式威力。
",182,妖精皮肤,"[沙奈朵, 七夕青鸟, 仙子伊布]"
6686a61e62777c498ff10b00,"
接触到对手的招式威力会提高。
","对战中使接触类招式的威力上升30%。
",181,硬爪,"[喷火龙, 喵喵, 化石翼龙, 巨金怪, 龟脚脚, 龟足巨铠, 鬃岩狼人, 喵头目]"
6686a61e62777c498ff10b01,"
对于用攻击接触到自己的对手，会降低其速度。
","对战中该特性的宝可梦受到接触攻击伤害后，则令攻击方速度降低1级。
接触类连续招式的每一击都会触发此特性。
",183,黏滑,
6686a61e62777c498ff10b02,"
一般属性的招式会变为飞行属性。威力会少量提高。
","对战中自己使用的一般属性招式变为飞行属性招式，且威力变为1.2倍。
觉醒力量、自然之恩、制裁光砾、高科技光炮、觉醒之舞和多属性攻击这些会改变属性的一般属性招式会先改变自身属性，然后承受飞行皮肤特性的判定。因此只要这些招式的最终属性不是一般属性，就既不会变成飞行属性，又不会被增幅威力。
具有该特性的宝可梦进入输电状态后，使出的一般属性招式会变为电属性且不会被提升威力。
被该特性转化为飞行属性的招式不会因为等离子浴的效应变成电属性。
具有此特性的飞行属性宝可梦使出的一般属性攻击招式具有属性一致加成，并且能消耗飞行宝石增加招式威力。
",184,飞行皮肤,"[凯罗斯, 暴飞龙]"
6686a61e62777c498ff10b03,"
全体的恶属性招式变强。
","对战中拥有该特性的宝可梦在场时场上所有宝可梦使用恶属性招式的伤害×4⁄3。
场上有多只该特性的宝可梦时效果不会叠加。
拥有气场破坏特性的宝可梦在场会使得该特性效果逆转为全场恶属性招式伤害×3⁄4。当拥有该特性的宝可梦登场时会出现提示：[宝可梦的名字]正在释放暗黑气场！
",186,暗黑气场,[伊裴尔塔尔]
6686a61e62777c498ff10b04,"
亲子俩可以合计攻击２次。
","对战中该特性的宝可梦可以在一回合内，使用同一攻击招式两次。除部分招式外，使用攻击招式时，第二次攻击的伤害为第一次的1⁄4。
固定伤害类招式会攻击两次，并且第二次攻击的伤害不会降低，例如50级的宝可梦使用地球上投会扣除目标100ＨＰ，使用愤怒门牙会将目标的ＨＰ减少至当前的1⁄4）；
使用后下一回合自己将无法动弹的招式会攻击两次，次回合正常进入不能行动状态；
反作用力伤害的招式会攻击两次，对自己的伤害根据两次攻击造成的总伤害计算，并且在第二次攻击之后再进行结算；
特别的，拥有该特性的宝可梦使用挣扎也会攻击两次，但最终只会扣除使用者最大ＨＰ的1⁄4；
金属爆炸、镜面反射、双倍奉还和忍耐会攻击两次；
如果该特性宝可梦第一次攻击因王者盾牌等招式没有使用成功，则该招式的效果（降低攻击）只会发动一次，降低1级攻击。如果这一招式拥有追加效果，这一追加效果也会连续判定两次，例如：
使用增强拳会连续攻击两次，提升2级攻击；
使用咬碎会连续攻击两次，每次都有20%概率降低目标1级防御，最终将有32%概率降低目标1级防御（20%×80%+80%×20%），有4%概率降低目标2级防御（20%×20%）；
使用岩崩会连续攻击两次，每次都有30%概率使目标畏缩，合计有51%概率使目标畏缩（30%+70%×30%）；
具有副作用的招式同样会判定两次，例如使用臂锤会降低使用者2级速度；以下招式的追加效果在第二次攻击时即可发动：
使用恶意追击时第一次攻击造成伤害的情况下，第二次攻击恶意追击的威力会变成2倍；
使用盐水时如果第一次攻击使对方的ＨＰ变为1⁄2或以下，第二次攻击时威力会变成2倍。以下招式的特殊效果会在第二次攻击之后才发动：
秘密之力；
喷出；
巴投与龙尾的强制离场效果；
急速折返与伏特替换的退场效果；
治愈异常状态的效果（例如唤醒巴掌、清醒；对处于冰冻的宝可梦使用火属性招式、热水、蒸汽爆炸同样不会使其立刻陷入灼伤状态）；
移除道具的效果（例如小偷、渴望、虫咬、烧净、啄食、拍落）；
如果在上述招式在第一次攻击之后就使目标的道具满足发动条件，那么目标会先消耗道具，导致之后特效无法发动；
击落和千箭齐发的击落效果；
美洛耶塔使用古老之歌的变身效果。该特性不发动的情况包括：
在双打对战、三打对战中，使用除自身以外攻击全场的招式，例如：地震等招式，如果攻击范围内存在多只宝可梦，则该特性不发动（无论招式是否命中所有目标、是否属性相性无效、目标是否处于守住状态、招式目标是否包括同伴），但只要攻击对象变为一只，无论是双打对战或三打对战，该特性效果恢复；
蛮干、投掷、滚动、冰球、极巨炮；
造成自身陷入濒死状态的招式；
蓄力的招式；
Ｚ招式；
一击必杀招式；
因混乱对自己的伤害；
连续招式；
变化招式（通过使出其它招式的招式使出攻击招式的情况除外）。其他方面该特性的判定适用连续招式的判定。
",185,亲子爱,[袋兽]
6686a61e62777c498ff10b05,"
全体的妖精属性招式变强。
","对战中拥有该特性的宝可梦在场时场上所有宝可梦使用妖精属性招式的伤害×4⁄3。
场上有多只该特性的宝可梦时效果不会叠加。
拥有气场破坏特性的宝可梦在场会使得该特性效果逆转为全场妖精属性招式伤害×3⁄4。当拥有该特性的宝可梦登场时会出现提示：[宝可梦的名字]正在释放妖精气场！
",187,妖精气场,[哲尔尼亚斯]
6686a61e62777c498ff10b06,"
变为不会受到火属性攻击的天气。
","对战中当拥有该特性的宝可梦登场时，天气转为大雨，直到该宝可梦离场、失去该特性，或被德尔塔气流或终结之地覆盖。
大雨无法被更改为其他天气，除非是因为德尔塔气流或终结之地。
",189,始源之海,[盖欧卡]
6686a61e62777c498ff10b07,"
让气场的效果发生逆转，降低威力。
","对战中当拥有该特性的宝可梦登场时会出现提示：[宝可梦的名字]压制了所有气场！
拥有该特性的宝可梦和拥有妖精气场的宝可梦同时在场时，妖精气场效果发生逆转，双方场上所有宝可梦使用妖精属性招式造成的伤害×3⁄4。
拥有该特性的宝可梦和拥有暗黑气场的宝可梦同时在场时，暗黑气场效果发生逆转，双方场上所有宝可梦使用恶属性招式造成的伤害×3⁄4。
拥有破格、涡轮火焰与兆级电压特性的宝可梦使用妖精属性与恶属性招式时，气场破坏特性仍会生效。
",188,气场破坏,[基格尔德]
6686a61e62777c498ff10b08,"
变为不会受到水属性攻击的天气。
","对战中当拥有该特性的宝可梦登场时，天气转为大日照，直到该宝可梦离场、失去该特性，或被始源之海或德尔塔气流覆盖。
大日照无法被更改为其他天气，除非是因为始源之海或德尔塔气流。
",190,终结之地,[固拉多]
6686a61e62777c498ff10b09,"
变为令飞行属性的弱点消失的天气。
","对战中当拥有该特性的宝可梦登场时，天气转为乱流，直到该宝可梦离场、失去该特性，或被始源之海或终结之地覆盖。
乱流无法被更改为其他天气，除非是因为始源之海或终结之地。
",191,德尔塔气流,[烈空坐]
6686a61e62777c498ff10b0a,"
ＨＰ变为一半时，会慌慌张张逃走，退回同行队伍中。
","对战中与野生宝可梦对战中，该特性的宝可梦从高于1⁄2ＨＰ变为低于1⁄2时便会使自身退场，与训练家对战时则进行替换。
如果该特性的宝可梦ＨＰ已经低于1⁄2，即使受到伤害也不会触发特性，除非宝可梦的ＨＰ回复到1⁄2以上，并再次受到伤害变为低于1⁄2。
若该特性的宝可梦携带了能回复ＨＰ的树果，受到伤害后会先食用树果回复ＨＰ，再判定特性是否触发。若该特性的宝可梦携带了贝壳之铃，对于特性是否发动的判定在回复ＨＰ的效果之前，因此如果在使出招式后自己的ＨＰ变为了1⁄2或以下，随后又因为贝壳之铃的效果回复ＨＰ至1⁄2以上，依然可以触发特性，此时就会以ＨＰ大于1⁄2的状态退场。以下使ＨＰ变为低于1⁄2的情况，不会触发特性：
该特性的宝可梦因混乱而攻击自己；
对方宝可梦特性为强行，且使用带有追加效果的招式。
对方宝可梦使用连续招式，在连续攻击完成后才会触发特性。
与训练家对战时，除这只该特性的宝可梦外，队伍内宝可梦全部进入濒死状态。对该特性的宝可梦使用伏特替换、急速折返或快速折返，因而触发该宝可梦特性时，这类招式不会发动替换效果。
使用追打的同一回合，若该特性的宝可梦因触发特性而替换，则追打不会发动特殊效果。
踩影无法防止该特性效果
",193,跃跃欲逃,[胆小虫]
6686a61e62777c498ff10b0b,"
ＨＰ变为一半时，为了回避危险，会退回到同行队伍中。
","对战中与野生宝可梦对战中，该特性的宝可梦从高于1⁄2ＨＰ变为低于1⁄2时便会使自身退场，与训练家对战时则进行替换。
如果该特性的宝可梦ＨＰ已经低于1⁄2，即使受到伤害也不会触发特性，除非宝可梦的ＨＰ回复到1⁄2以上，并再次受到伤害变为低于1⁄2。
若该特性的宝可梦携带了能回复ＨＰ的树果，受到伤害后会先食用树果回复ＨＰ，再判定特性是否触发。若该特性的宝可梦携带了贝壳之铃，对于特性是否发动的判定在回复ＨＰ的效果之前，因此如果在使出招式后自己的ＨＰ变为了1⁄2或以下，随后又因为贝壳之铃的效果回复ＨＰ至1⁄2以上，依然可以触发特性，此时就会以ＨＰ大于1⁄2的状态退场。以下使ＨＰ变为低于1⁄2的情况，不会触发特性：
该特性的宝可梦因混乱而攻击自己；
对方宝可梦特性为强行，且使用带有追加效果的招式。
对方宝可梦使用连续招式，在连续攻击完成后才会触发特性。
与训练家对战时，除这只该特性的宝可梦外，队伍内宝可梦全部进入濒死状态。对该特性的宝可梦使用伏特替换、急速折返或快速折返，因而触发该宝可梦特性时，这类招式不会发动替换效果。
使用追打的同一回合，若该特性的宝可梦因触发特性而替换，则追打不会发动特殊效果。
",194,危险回避,[具甲武者]
6686a61e62777c498ff10b0c,"
攻击中毒状态的对手时，必定会击中要害。
","对战中拥有该特性的宝可梦每次攻击中毒的目标时，都会击中要害。对拥有战斗盔甲和硬壳盔甲特性的宝可梦为目标使用招式则不会触发该特性。
",196,不仁不义,"[好坏星, 超坏星]"
6686a61e62777c498ff10b0d,"
受到水属性的招式攻击时，防御会大幅提高。
","对战中受到水属性的招式攻击时，防御会提升2个等级。
若对方以遇水凝固的宝可梦为目标使用水属性连续招式，则每一击都会触发效果。
",195,遇水凝固,"[沙丘娃, 噬沙堡爷]"
6686a61e62777c498ff10b0e,"
ＨＰ变为一半时，壳会坏掉，变得有攻击性。
","对战中当该特性的宝可梦为小陨星时，ＨＰ超过50%时，变为流星的样子，期间不会陷入异常状态和瞌睡。如果已经受到异常状态效果，则不会回复。
当ＨＰ变为50％或以下时，回合结束后变为核心，降低防御与特防种族值，提高攻击、特攻与速度种族值，可以陷入异常状态。
",197,界限盾壳,[小陨星]
6686a61e62777c498ff10b0f,"
降低自己受到的火属性招式的威力，不会灼伤。
","对战中拥有该特性的宝可梦受到火属性招式造成的伤害降低50%，不会陷入灼伤状态，并且水属性招式的威力变为原来的两倍。
已经处于灼伤状态的宝可梦因特性互换等招式获得此特性后可以治愈灼伤。
",199,水泡,"[滴蛛, 滴蛛霸]"
6686a61e62777c498ff10b10,"
可以对替换出场的对手以２倍的伤害进行攻击。
","对战中该特性的宝可梦使用的招式对本回合替换上场的宝可梦造成的伤害×2。
",198,蹲守,"[猫鼬少, 猫鼬探长, 狡小狐, 猾大狐, 团珠蛛, 操陷蛛, 偶叫獒, 獒教父]"
6686a61e62777c498ff10b11,"
钢属性的招式威力会提高。
","对战中拥有钢能力者特性的宝可梦使用钢属性招式的威力会提高50%。
",200,钢能力者,[破破舵轮]
6686a61e62777c498ff10b12,"
因对手的攻击ＨＰ变为一半时，特攻会提高。
","对战中当ＨＰ因受到攻击变为1⁄2以下时，特攻会提高1个等级。该特性能重复触发。
若ＨＰ是由于间接伤害而降为1⁄2以下（如寄生种子、天气伤害、因混乱而攻击自身、生命宝珠等），该特性不会触发。",201,怒火冲天,"[火焰鸟, 老翁龙]"
6686a61e62777c498ff10b13,"
下雪天气时，速度会提高。
","对战中天气处于冰雹或下雪状态时，拥有该特性的宝可梦的速度能力变为原来的2倍。
不具有冰属性的宝可梦仍会受到冰雹天气的伤害。",202,拨雪,"[穿山鼠, 穿山王, 喷嚏熊, 冻原熊, 雷鸟海兽, 鳃鱼海兽, 浩大鲸]"
6686a61e62777c498ff10b14,"
所有的声音招式都变为水属性。
","对战中拥有湿润之声特性的宝可梦使用的声音的招式属性均变为水属性。
",204,湿润之声,"[球球海狮, 花漾海狮, 西狮海壬]"
6686a61e62777c498ff10b15,"
可以不接触对手就使出所有的招式。
","对战中拥有远隔特性的宝可梦使用接触类招式时，不会触发攻击目标任何与接触类招式有关的效果。
",203,远隔,"[木木枭, 投羽枭, 狙射树枭]"
6686a61e62777c498ff10b16,"
一般属性的招式会变为电属性。威力会少量提高。
","对战中自己使用的一般属性招式会变成电属性，且威力变为1.2倍。
觉醒力量、自然之恩、制裁光砾、高科技光炮、觉醒之舞和多属性攻击这些会改变属性的一般属性招式会先改变自身属性，然后承受电气皮肤特性的判定。因此只要这些招式的最终属性不是一般属性，就既不会变成电属性，又不会被增幅威力。
具有此特性的宝可梦进入输电状态后，使出的一般属性招式会变为电属性但不会被提升威力。
具有此特性的电属性宝可梦使出的一般属性攻击招式具有属性一致加成，并且能消耗电之宝石增加招式威力。
",206,电气皮肤,"[小拳石, 隆隆石, 隆隆岩]"
6686a61e62777c498ff10b17,"
可以率先使出回复招式。
","对战中在使出能回复ＨＰ的招式时，招式优先度+3。
只对目标回复而不对自身回复的招式也会受影响，例如治愈波动和花疗。
不会对水流环、扎根、寄生种子和分担痛楚造成影响。
不稳定回复的招式不受影响，例如礼物和花粉团。
造成场地型状态间接回复的招式也不受影响，例如青草场地。
能回复生命的Ｚ招式也不受影响，例如芳香治疗。
",205,先行治疗,[花疗环环]
6686a61e62777c498ff10b18,"
电气场地时，速度会变为２倍。
","对战中当对战场地处于电气场地状态时，速度能力变为原来的2倍。
",207,冲浪之尾,[雷丘]
6686a61e62777c498ff10b19,"
通过画皮覆盖住身体，可以防住１次攻击。
","对战中如果具有此特性的宝可梦是谜拟丘（化形的样子），则画皮特性会防止任何攻击招式（包括Ｚ招式和极巨招式）或者混乱造成的伤害仅1次，并使谜拟丘损失1⁄8的最大ＨＰ及变成现形的样子直到战斗结束。
能够防止以下情况：
声音的招式和穿透特性宝可梦使用攻击招式的伤害；
连续招式的仅第一次攻击的伤害；不能防止以下情况：
破格特性或者其他相同效果宝可梦使用攻击招式的伤害；
变化招式；
攻击招式附带的追加效果；
中毒、火海、沙暴等异常状态、状态变化和天气造成的伤害；
树果的ＨＰ降低效果。与携带物品相关：
画皮特性发动时，防御方携带的弱点保险和伤害减半类树果不会发动，但其他道具如凸凸头盔、红牌、逃脱按键、光苔、雪球、球根、充电电池等照常发动。
画皮特性不能阻止气球被打破，不能阻止附着针的转移。与替身状态相关：
在替身状态下受到除了声音的招式和带有穿透特性的宝可梦的攻击伤害时，替身会先防止受到伤害，而画皮特性不被触发。
在替身状态下受到声音的招式或带有穿透特性的宝可梦的攻击伤害时，替身被保留而触发画皮特性。其他：
如果谜拟丘被浸水等追加或改变属性的招式改变了属性，则在画皮脱落时会恢复为原本的属性。
特性发动时如果使用双倍奉还、镜面反射或者金属爆炸，会对对手造成1ＨＰ的伤害。",209,画皮,[谜拟丘]
6686a61e62777c498ff10b1a,"
ＨＰ多的时候会聚起来变强。ＨＰ剩余量变少时，群体会分崩离析。
","对战中弱丁鱼达到２０或以上的等级时，在对战中出场时，若ＨＰ高于２５%便能从单独的样子变为鱼群的样子。
在鱼群的样子的形态下，回合结束时，若ＨＰ低于２５%则变回单独的样子。在单独的样子的形态下，回合结束时，若ＨＰ高于２５%则变回鱼群的样子。",208,鱼群,[弱丁鱼]
6686a61e62777c498ff10b1b,"
打倒对手时，与训练家的牵绊会增强，自己的攻击、特攻、速度会提高。
","对战中击败一只宝可梦后，攻击、特攻、速度上升一级。该特性一场战斗只能发动一次。
由于没有变身为小智版甲贺忍蛙，飞水手里剑的效果不会有变化。
攻击、特攻、速度均提升至最大或者拥有该特性的宝可梦不为甲贺忍蛙时，该特性不会发动。
",210,牵绊变身,[甲贺忍蛙]
6686a61e62777c498ff10b1c,"
ＨＰ变为一半时，细胞们会赶来支援，变为完全体形态。
","对战中持有该特性的基格尔德・１０％形态和基格尔德・５０％形态，在回合结束时，如果ＨＰ为最大ＨＰ的50%或更少，就会变成基格尔德・完全体形态。
该特性发动前会出现提示：感到了强大气息的存在！
如果基格尔德在回合结束前ＨＰ重新回到了50%以上，则不能变身。
ＨＰ直接降低至0时群聚变形不会发动。
由于“基格尔德・完全体形态”拥有更高的ＨＰ种族值，改变形态后ＨＰ和ＨＰ最大值会同时增加，保持损失的ＨＰ与改变形态前一致。
对战结束后变回原本形态时，ＨＰ最大值降低，ＨＰ高于最大值时会降低至最大值，低于最大值时不会降低。对战外基格尔德在对战外不会自动转变形态，使用基格尔德多面体才能让它从５０％形态和１０％形态之间变换以及改变特性（第八世代起）。特性胶囊对基格尔德无效。
",211,群聚变形,[基格尔德]
6686a61e62777c498ff10b1d,"
总是半梦半醒的状态，绝对不会醒来。可以就这么睡着进行攻击。
","对战中持有此特性的宝可梦不会陷入任何异常状态。
持有此特性的宝可梦在进行各类效果的处理时，视同它已处于睡眠状态。这代表：
无法成功使出睡觉。
可以成功使出打鼾和梦话等在睡着时才能使出的招式。但无法触发硬撑的伤害翻倍效果。
可以被食梦造成伤害。
场上有特性为梦魇的宝可梦的话，此宝可梦每回合都要损失ＨＰ。
受到唤醒巴掌的攻击会受到翻倍的伤害，不过并不会解除任何状态。解眠药等能解除睡眠的道具对绝对睡眠无效。
",213,绝对睡眠,[树枕尾熊]
6686a61e62777c498ff10b1e,"
可以使钢属性和毒属性的宝可梦也陷入中毒状态。
","对战中拥有该特性的宝可梦使用的招式可以令毒属性和钢属性的宝可梦中毒。
例如该特性的宝可梦对钢属性宝可梦使用变化招式剧毒，会让后者陷入剧毒状态。
毒属性攻击招式依然对钢属性宝可梦完全无效。
例如该特性的宝可梦对钢属性宝可梦使用攻击招式污泥波，不仅没有任何伤害，且10%中毒的追加效果不会触发。但会对毒属性宝可梦触发中毒的追加效果。
拥有该特性的宝可梦所布下的毒菱不会让毒属性和钢属性的宝可梦中毒。
拥有该特性的宝可梦自身会受到剧毒宝珠的影响。投掷剧毒宝珠或毒针也会让对手中毒。
拥有该特性的宝可梦自身不会因为对手的反射类招式或同步特性而中毒。
拥有该特性的宝可梦不会让拥有免疫特性的对手中毒。",212,腐蚀,"[夜盗火蜥, 焰后蜥, 晶光芽, 晶光花]"
6686a61e62777c498ff10b1f,"
被对手打倒的时候，会给予对手相当于ＨＰ剩余量的伤害。
","对战中拥有此特性的宝可梦在被击倒时，给对手带来与自身被最后一击之前同等ＨＰ的伤害。
如果具有该特性的宝可梦并非直接被击倒，那么不会给对手带来伤害。
如果具有该特性的宝可梦被预知未来或破灭之愿击倒，而且此时招式的使用者不在场上，那么不会给另外的对手带来伤害。
如果具有该特性的宝可梦被种子机关枪或飞水手里剑等连续攻击招击倒，那么将会带来从第一击到击倒前的所有伤害。
如果对手可以被具有该特性的宝可梦以此特性击倒，即使对手有气势披带，也无法保留1ＨＰ。
如果双方只有一只宝可梦的情况，拥有该特性的宝可梦被击倒但因为飞出的内在物造成对方同时倒下，拥有该特性的宝可梦一方算失败。",215,飞出的内在物,[拳海参]
6686a61e62777c498ff10b20,"
有谁使出跳舞招式时，自己也能就这么接着使出跳舞招式。
","对战中如果场上有宝可梦成功使出跳舞招式，其他所有具有舞者特性的宝可梦根据其速度顺序，依次使出相同招式。
如果该特性的宝可梦携带了突击背心，仍然能触发舞者特性，使用变化招式。
如果该特性的宝可梦携带了讲究头带、讲究眼镜、讲究围巾等道具，且自身已使用过招式，则虽仍能触发舞者特性，但招式会使用失败，除非其他宝可梦使出的跳舞招式与自身曾使用的招式一致。
如果该特性的宝可梦携带了讲究头带、讲究眼镜、讲究围巾等道具，但自身未使用过招式，则在触发舞者特性并使出招式后，当前回合再通过舞者使用的招式与自身使用的招式会失败，除非该招式与首次触发舞者特性时的招式一致。次回合，宝可梦可重新选择要使用的招式。
如果跳舞招式没有使用成功，例如属性相性无效、攻击目标处于守住状态；舞者特性不会触发。
使用破坏光线等招式后，因反作用力自身处于无法动弹的状态下，舞者特性可以触发。
使用蓄力的招式时，自身处于蓄力状态下也可以触发该特性。
自身处于飞翔、潜水等暂时不在场上的状态时不会触发该特性。
如果其他宝可梦使用跳舞招式的Ｚ招式，该特性的宝可梦能触发除Ｚ力量效果以外的效果。通过舞者特性使出的招式不会被再次使出。
通过舞者特性所使出的多回合攻击类招式只会进行一回合攻击。
如果己方其他宝可梦使用作用范围为单体选择的跳舞招式，如果是对对方宝可梦使用，那么舞者特性的宝可梦会对同一个目标使用。
通过舞者使用的招式可以被抢夺夺走，通过魔法镜和魔法反射反弹。
被魔法镜或魔法反射反弹的跳舞招式，无论是反弹前还是反弹后都不会触发该特性。太晶团体战中舞者特性会完全无效。
",216,舞者,[花舞鸟]
6686a61e62777c498ff10b21,"
向对手施加威慑力，使其无法对我方使出先制招式。
","对战中让对方使出会影响己方的先制招式失败，包含受到恶作剧之心、先行治疗或疾风之翼影响使优先度大于0的招式。
该效果与出招顺序无关。只要是先制招式，即使慢于优先度为0的招式使出，己方仍会受到该特性的保护。",214,女王的威严,[甜冷美后]
6686a61e62777c498ff10b22,"
会提高我方的特殊招式的威力。
","对战中该特性的宝可梦在场时，场上全部同伴宝可梦的特殊招式威力提升为原本的1.3倍。
",217,蓄电池,[虫电宝]
6686a61e62777c498ff10b23,"
会将对手所给予的接触类招式的伤害减半，但火属性招式的伤害会变为２倍。
","对战中该特性的宝可梦所受到的接触类招式攻击伤害是原本的1⁄2，但火属性招式的伤害×2。
所受到的火属性接触类招式攻击伤害不变。
远隔特性的宝可梦对毛茸茸特性的宝可梦使用接触类招式伤害不变。",218,毛茸茸,"[童偶熊, 穿着熊, 毛辫羊, 毛毛角羊, 墓仔狗, 墓扬犬]"
6686a61e62777c498ff10b24,"
宝可梦每次变为濒死状态时，特攻会提高。
","对战中每当场上有宝可梦被打倒时，特攻提高1个等级。
",220,魂心,[玛机雅娜]
6686a61e62777c498ff10b25,"
让对手吓一跳，使其无法对我方使出先制招式。
","对战中让对方使出会影响己方的先制招式失败，包含受到恶作剧之心、先行治疗或疾风之翼影响使优先度大于0的招式。
该效果与出招顺序无关。只要是先制招式，即使慢于优先度为0的招式使出，己方仍会受到该特性的保护。",219,鲜艳之躯,[磨牙彩皮鱼]
6686a61e62777c498ff10b26,"
对于用攻击接触到自己的对手，会降低其速度。
","对战中该特性的宝可梦被接触类招式命中时，对手的速度降低1个等级。
接触类连续招式的每一击都会触发此特性。
",221,卷发,"[地鼠, 三地鼠]"
6686a61e62777c498ff10b27,"
继承被打倒的同伴的特性，变为相同的特性。
","对战中当同伴陷入濒死状态后，无论是何原因，此宝可梦的特性变成与该同伴相同。自身离场时特性还原为接球手。
在单打对战中，此特性没有作用。
不能接收同伴的以下特性：
神奇守护
无法被复制的特性",222,接球手,[投掷猴]
6686a61e62777c498ff10b28,"
继承被打倒的同伴的特性，变为相同的特性。
","对战中当同伴陷入濒死状态后（无论何原因造成），此宝可梦的特性变成与该同伴相同。自身离场时特性还原为化学之力。
在单打对战中，此特性没有作用。
不能接收同伴的以下特性：
神奇守护
无法被复制的特性",223,化学之力,"[臭泥, 臭臭泥]"
6686a61e62777c498ff10b29,"
打倒对手的时候，自己最高的那项能力会提高。
","对战中拥有该特性的宝可梦使用攻击招式打倒宝可梦的时候，会提高自己除ＨＰ外能力值最高的一项常规能力。
打倒队友时也会触发该特性。
以下因素不会影响最高一项能力的判定：
能力变化
对战影响道具
异常状态
以下因素会影响最高一项能力的判定：
力量平分
防守平分
力量戏法
奇妙空间
速度互换
当数项能力同为最高时，按攻击、防御、特攻、特防、速度的顺序提升其中的一项。",224,异兽提升,"[虚吾伊德, 爆肌蚊, 费洛美螂, 电束木, 铁火辉夜, 纸御剑, 恶食大王, 毒贝比, 四颚针龙, 垒磊石, 砰头小丑]"
6686a61e62777c498ff10b2a,"
根据持有的存储碟，自己的属性会改变。
","  ＡＲ系统对战中携带对应各属性的存储碟，借此改变属性。
",225,ＡＲ系统,[银伴战兽]
6686a61e62777c498ff10b2b,"
出场时，会布下电气场地。
","对战中主页面：电气场地（状态）透过让脚下布满电力，布下电气场地，持续5回合。地面上的宝可梦的电属性招式威力将会提高，并且不会变成睡眠状态。
携带了道具大地膜的情况下，电气场地会持续8回合。",226,电气制造者,"[卡璞・鸣鸣, 啪嚓海胆]"
6686a61e62777c498ff10b2c,"
出场时，会布下精神场地。
","对战中主页面：精神场地（状态）透过在脚下张开精神场地，布下精神场地，持续5回合。让在地面上的宝可梦所持的超能力属性招式的威力提升，且不会受到对手先制招式的攻击以及优先度+1以上变化招式之影响。
携带了道具大地膜的情况下，精神场地会持续8回合。",227,精神制造者,"[卡璞・蝶蝶, 爱管侍]"
6686a61e62777c498ff10b2d,"
出场时，会布下青草场地。
","对战中主页面：青草场地（状态）透过在脚下张开青草场地，布下青草场地，持续5回合。让在地面上的宝可梦所持的草属性招式的威力提升，且在每一回合ＨＰ会逐渐回复。此外，因地震、震级或重踏的招式造成的伤害将会减半。
携带了道具大地膜的情况下，青草场地会持续8回合。",229,青草制造者,"[卡璞・哞哞, 敲音猴, 啪咚猴, 轰擂金刚猩]"
6686a61e62777c498ff10b2e,"
出场时，会布下薄雾场地。
","对战中主页面：薄雾场地（状态）在脚下张开薄雾场地，持续5回合。让在地面上的宝可梦因龙属性招式所受到的伤害减半，且变得不会陷入异常状态及混乱的状态。
携带了道具大地膜的情况下，薄雾场地会持续8回合。
如果我方场上存在毒菱，则拥有此特性的宝可梦会先踩到毒菱，然后发动此特性。这会导致此宝可梦中毒，然后才会布下薄雾场地。",228,薄雾制造者,"[双弹瓦斯, 卡璞・鳍鳍]"
6686a61e62777c498ff10b2f,"
ＨＰ全满时，受到的伤害会变少。
","对战中ＨＰ全满时，受到的攻击伤害减为原来的1⁄2。
",231,幻影防守,[露奈雅拉]
6686a61e62777c498ff10b30,"
不会因为对手的招式或特性而被降低能力。
","对战中在通常情况下，能力不会被对方及同伴的招式和特性降低（例如招式可怕面孔、特性威吓等）。
金属防护特性不能阻止以下能力的降低方式：
自身使用降低自身能力的招式：蛮力、臂锤等；
自身携带降低能力的道具：黑色铁球等；
降低能力的异常状态：麻痹、灼伤；
与对方平分能力的招式：防守平分、力量平分；
与对方交换能力的招式：心灵互换、防守互换、力量互换；
与同行宝可梦传递能力的招式：接棒；
改变能力的招式：颠倒；
",230,金属防护,[索尔迦雷欧]
6686a61e62777c498ff10b31,"
效果绝佳的攻击，威力会变得更强。
","对战中使用的效果绝佳招式的威力提升25%。
",233,脑核之力,[奈克洛兹玛]
6686a61e62777c498ff10b32,"
受到效果绝佳的攻击时，可以减弱其威力。
","对战中效果绝佳招式造成的伤害降低1⁄4。
",232,棱镜装甲,[奈克洛兹玛]
6686a61e62777c498ff10b33,"
首次出场时，防御会提高。
","对战中出场时，自身的防御上升1级。
每只宝可梦一场战斗中仅能发动1次。
",235,不屈之盾,[藏玛然特]
6686a61e62777c498ff10b34,"
变为与自己使出的招式相同的属性。每次出场战斗仅生效一次。
","对战中自身的属性在使用招式之前变为所使用的招式的属性。转换属性的效果持续直到拥有该特性的宝可梦离开场地为止。对于两种属性的宝可梦，触发自由者时变为只有一种属性。
挣扎不会触发自由者特性。
该特性的宝可梦使用招式后，属性一致加成会根据改变后的属性提升招式威力。
当招式使用失败时，不会触发自由者；但是招式没有命中或被守住时，仍会触发自由者。
太晶化的宝可梦使用招式时不会触发自由者。
",236,自由者,"[炎兔儿, 腾蹴小将, 闪焰王牌]"
6686a61e62777c498ff10b35,"
没有携带道具时，会拾取第１个投出后捕捉失败的精灵球。
","对战中在该特性的宝可梦没有携带道具的情况下，只要投出任何种类的第１个精灵球并且收服失败后，该特性的宝可梦会捡回此精灵球。
一次对战只会发动一次（包含野生宝可梦），若收服失败时速度最快的宝可梦发动特性，其余速度较慢的便不会再发动。
",237,捡球,[来电汪]
6686a61e62777c498ff10b36,"
受到攻击后撒下棉絮，降低除自己以外的所有宝可梦的速度。
","对战中该特性的宝可梦受到攻击时，令除该特性以外的宝可梦速度降低1级。
连续招式的每一击都会触发此特性。
",238,棉絮,"[幼棉棉, 白蓬蓬]"
6686a61e62777c498ff10b37,"
只反弹自己受到的能力降低效果。
","对战中该特性的宝可梦受到对方的能力下降的招式或特性时，能将这些效果反弹到使用该招式或触发该特性的宝可梦。包括黏黏网的效果。
例如：风速狗触发了威吓，使钢铠鸦的攻击下降1级。此时镜甲效果的反弹目标仅是风速狗，不会触发威吓的所有目标降低攻击效果。
",240,镜甲,[钢铠鸦]
6686a61e62777c498ff10b38,"
能无视具有吸引对手招式效果的特性或招式的影响。
","对战中攻击原本选定的目标，无视交换场地、场上万众瞩目状态、引水、避雷针、对手宝可梦的交换。
只有目标不在场上时，才攻击同位置宝可梦。
螺旋尾鳍特性的宝可梦使用梦话、挥指会失败。
目前类似特性拥有一个游戏漏洞，请见游戏漏洞。
",239,螺旋尾鳍,"[刺梭鱼, 戽斗尖梭]"
6686a61e62777c498ff10b39,"
能无视具有吸引对手招式效果的特性或招式的影响。
","对战中攻击原本选定的目标，无视交换场地、场上万众瞩目状态、引水、避雷针、对手宝可梦的交换。
只有目标不在场上时，才攻击同位置宝可梦。
坚毅特性的宝可梦使用梦话、挥指会失败。
目前类似特性拥有一个游戏漏洞，请见游戏漏洞。
",242,坚毅,"[铝钢龙, 铝钢桥龙]"
6686a61e62777c498ff10b3a,"
冲浪或潜水时会叼来猎物。受到伤害时，会吐出猎物进行攻击。
","对战中此特性对古月鸟以外的其他宝可梦无效。
当拥有此特性的古月鸟使出冲浪或潜水时，会从水中叼来猎物。
如果在这个状态下受到攻击，会将嘴里的猎物吐出，使对手ＨＰ减少1⁄4。
当ＨＰ多于一半时，会叼来刺梭鱼，反击后，令目标的防御降低1级。
当ＨＰ少于或等于一半时，会叼来皮卡丘，反击后，使目标陷入麻痹状态。
当处于一口导弹状态时濒死，会先触发反击，然后陷入濒死状态。
极巨化后会变为不叼着猎物的形态，且即使在极巨化后使用冲浪或潜水（只有极巨团体战中的野生古月鸟可以做到），也不会叼来猎物。
一口导弹的伤害和附加效果能穿过替身。
",241,一口导弹,[古月鸟]
6686a61e62777c498ff10b3b,"
受到水属性或火属性的招式攻击时，速度会巨幅提高。
","对战中对战中受到对手的水属性或火属性招式攻击时，自身速度提升6级。
该特性的宝可梦受到水属性或火属性连续招式时，每一次攻击都能触发该特性。对战外当该特性的宝可梦在队伍时，队伍中蛋孵化的速度提高为原来的2倍。
此效果不会与自身、火焰之躯或熔岩铠甲叠加。",243,蒸汽机,"[小炭仔, 大炭车, 巨炭山]"
6686a61e62777c498ff10b3c,"
声音招式的威力会提高。受到的声音招式伤害会减半。
","对战中拥有此特性的宝可梦使出的声音的招式的威力会提高至1.3倍；
同时受到的声音的招式伤害会减半。
",244,庞克摇滚,[颤弦蝾螈]
6686a61e62777c498ff10b3d,"
受到攻击时，会刮起沙暴。
","对战中当该宝可梦受到攻击时，天气转为沙暴并持续5回合。即使在受到攻击后濒死，效果也会触发。
在携带了道具沙沙岩石的情况下，沙暴会持续8回合。",245,吐沙,"[沙包蛇, 沙螺蟒]"
6686a61e62777c498ff10b3e,"
由于有冰鳞粉的守护，受到的特殊攻击伤害会减半。
","对战中该特性的宝可梦受到特殊招式的伤害减半。
即使招式使用目标的防御代替目标的特防进行伤害计算（例如精神冲击和精神击破），该特性依然减半伤害。
该特性无法减半固定伤害类招式的伤害。",246,冰鳞粉,"[雪吞虫, 雪绒蛾]"
6686a61e62777c498ff10b3f,"
使树果成熟，效果变为２倍。
","对战中该特性的宝可梦使树果效果变为２倍，包括回复ＨＰ（如文柚果）、恢复ＰＰ（如苹野果）、减半１种属性招式的伤害（如烛木果）、提升能力变化（如星桃果）、对手损伤最大ＨＰ的树果（如嘉珍果）。
",247,熟成,"[啃果虫, 苹裹龙, 丰蜜龙]"
6686a61e62777c498ff10b40,"
头部的冰会代替自己承受物理攻击，但是样子会改变。下雪时，冰会恢复原状。
","对战中该特性可以为冰砌鹅完全抵御一次物理招式的伤害（包括混乱对自身造成的伤害），并使冰砌鹅转变为解冻头形态，同时冰砌鹅的种族值也会发生变化。天气从其他天气变成冰雹或下雪时，会恢复为结冻头形态。
战斗结束时冰砌鹅会恢复为结冻头形态，但替换不会令已解冻的结冻头复原。如果在解冻时天气已经为冰雹或下雪，则结冻头也不会复原。
替身受到物理攻击不会令结冻头解冻。
",248,结冻头,[冰砌鹅]
6686a61e62777c498ff10b41,"
只要处在相邻位置，招式的威力就会提高。
","对战中拥有此特性的宝可梦一方，除拥有该特性的宝可梦以外的宝可梦招式威力提高30%。
",249,能量点,[巨石丁]
6686a61e62777c498ff10b42,"
宝可梦的属性会根据场地的状态而变化。
","对战中拥有此特性的宝可梦，自身的属性将取决于当前的场地型状态而改变。
对战场地处于电气场地状态时，会变为电属性。
对战场地处于青草场地状态时，会变为草属性。
对战场地处于薄雾场地状态时，会变为妖精属性。
对战场地处于精神场地状态时，会变为超能力属性。",250,拟态,[泥巴鱼]
6686a61e62777c498ff10b43,"
出场时，敌方和我方的光墙、反射壁和极光幕的效果会消失。
","对战中当该特性的宝可梦出场时，解除双方场地的光墙、反射壁和极光幕状态。
",251,除障,"[魔墙人偶, 踏冰人偶]"
6686a61e62777c498ff10b44,"
受到接触类招式攻击时，双方都会在３回合后变为濒死状态。替换后效果消失。
","对战中该特性的宝可梦受到接触类招式攻击时，会令双方陷入终焉之歌状态。3回合后，处于终焉之歌状态的宝可梦会陷入濒死状态。替换后效果消失。
",253,灭亡之躯,[魔灵珊瑚]
6686a61e62777c498ff10b45,"
我方的钢属性攻击威力会提高。
","对战中拥有该特性的宝可梦在场时，自身和场上全部同伴宝可梦使用钢属性招式威力×1.5。
一方场上存在多只该特性的宝可梦时，效果累积。
",252,钢之意志,[喵头目]
6686a61e62777c498ff10b46,"
虽然攻击会提高，但是只能使出一开始所选的招式。
","对战中拥有该特性的宝可梦攻击会提高50%，但只能使用一开始使用的招式。
重新上场或重新获得该特性时效果重置。
该特性的宝可梦极巨化时，特性效果会暂时消失（不提升攻击且不会锁定招式），极巨化结束后，特性效果恢复。如果极巨化前已经使出过某招式，则极巨化结束后仍然只能使用该招式；如果极巨化前未曾成功使出过招式，则极巨化结束后仍可以自由选择招式，使用成功后只能使用该招式。
如果宝可梦在特性效果下锁定的招式ＰＰ为零或者因为挑衅、定身法或无理取闹不能使用锁定的招式，则只能使用挣扎。此时无法进入招式选择界面。",255,一猩一意,[达摩狒狒]
6686a61e62777c498ff10b47,"
与使用接触类招式攻击自己的宝可梦互换特性。
","对战中受到接触类招式攻击时，互换双方的特性。变为游魂后，与无特性状态相似。在极巨化的情况下，游魂不会发动。
如果连续攻击特性的宝可梦使用连续招式攻击游魂特性的宝可梦，该宝可梦的特性在第一次攻击之后就会变为游魂，但仍然会继续攻击最大次数。
如果拥有坚硬脑袋特性的宝可梦使用了反作用力伤害的招式，则仍然要受到反作用力伤害。
如果拥有亲子爱特性的宝可梦使用接触类招式攻击游魂特性的宝可梦，该宝可梦的特性在第一次攻击之后就会变为游魂，但仍然会继续攻击第二次，并且第二击的威力仍然是第一击的1⁄4。
如果攻击方特性为无法被交换的特性，如神奇守护、多属性、达摩模式、牵绊变身、战斗切换、鱼群、画皮、绝对睡眠、群聚变形、界限盾壳、ＡＲ系统等，则游魂特性不发动。
",254,游魂,"[哭哭面具, 迭失板]"
6686a61e62777c498ff10b48,"
特性为化学变化气体的宝可梦在场时，场上所有宝可梦的特性效果都会消失或者无法生效。
","对战中此特性能让周围宝可梦变为无特性状态。
该特性在上场时发动，且必定先于其他特性（包括紧张感在内）。
该特性无法消除其他宝可梦的化学变化气体和所有无法被覆盖的特性，包括：
绝对睡眠；
人马一体；
牵绊变身；
部分与形态变化有关的特性，包括画皮、结冻头、战斗切换、鱼群、多属性、ＡＲ系统、界限盾壳、达摩模式、一口导弹、群聚变形、全能变身以及太晶变形；
其他与形态变化有关的特性如饱了又饿、花之礼、阴晴不定、变身者、幻觉可以被化学变化气体消除。
该特性的宝可梦一旦被击倒或替换，其他宝可梦的特性就会生效，在此情况下：
部分入场时发动的特性（如威吓、破格等）会在同位置的新宝可梦上场前按照速度顺序发动一次，无论之前是否发动过；
满足一定条件才发动的特性（如贪吃鬼等）需要再次触发条件才能发动（如贪吃鬼需要ＨＰ在一半以下变化一次）；
拥有自信过度、苍白嘶鸣、漆黑嘶鸣和异兽提升等特性的宝可梦在击倒特性为化学变化气体的宝可梦后可以提升能力。",256,化学变化气体,"[瓦斯弹, 双弹瓦斯]"
6686a61e62777c498ff10b49,"
自己和同伴都不会陷入中毒的异常状态。
","对战中拥有此特性的宝可梦不仅能使自己及同伴免疫中毒状态，在对战中出场时，还能回复我方的中毒状态。
",257,粉彩护幕,"[小火马, 烈焰马]"
6686a61e62777c498ff10b4a,"
有时能比对手先一步行动。
","对战中使用非变化招式时，有30%概率在相同优先度下先出手。
速击触发时，无视后攻之尾的效果。",259,速击,[呆壳兽]
6686a61e62777c498ff10b4b,"
每回合结束时会在满腹花纹与空腹花纹之间交替改变样子。
","对战中该特性的宝可梦每一回合都会改变自身的样子，气场轮会根据不同形态变为不同的属性。
在满腹花纹时是电属性的招式，在空腹花纹时则会变成恶属性的招式。
该特性在宝可梦太晶化后不再发动。宝可梦不再每一回合改变自身的样子，而是维持太晶化前的样子。
",258,饱了又饿,[莫鲁贝可]
6686a61e62777c498ff10b4c,"
如果使出的是接触到对手的招式，就可以无视守护效果进行攻击。
","对战中使用接触类招式时，能无视对方除极巨防壁外的防住类招式，正常造成伤害。
不会触发王者盾牌、尖刺防守、碉堡、拦堵、线阱等招式的特殊效果。
不会解除守住或快速防守状态。这与佯攻、潜灵奇袭或暗影潜袭不同。
如果该特性的宝可梦携带拳击手套使用拳类招式，则依旧会被防住类招式阻挡。",260,无形拳,[武道熊师]
6686a61e62777c498ff10b4d,"
出场时会从贝壳撒药，将我方的能力变化复原。
","对战中当拥有这个特性的宝可梦上场战斗时，能产生将我方宝可梦能力变化复原的效果。
",261,怪药,[呆呆王]
6686a61e62777c498ff10b4e,"
电属性的招式威力会提高。
","对战中拥有此特性的宝可梦使出的电属性招式威力会提高30%。
",262,电晶体,[雷吉艾勒奇]
6686a61e62777c498ff10b4f,"
打倒对手时会用冰冷的声音嘶鸣并提高攻击。
","对战中该特性的宝可梦打败任意一方的一只宝可梦后，自身攻击提升1级。
",264,苍白嘶鸣,[雪暴马]
6686a61e62777c498ff10b50,"
龙属性的招式威力会提高。
","对战中拥有此特性的宝可梦使出的龙属性招式威力会提高50%。
",263,龙颚,[雷吉铎拉戈]
6686a61e62777c498ff10b51,"
兼备蕾冠王的紧张感和雪暴马的苍白嘶鸣这两种特性。兼备蕾冠王的紧张感和灵幽马的漆黑嘶鸣这两种特性。
","对战中同时发动蕾冠王以及所骑爱马的特性（即紧张感及苍白嘶鸣／漆黑嘶鸣）。
该特性的发动优先级高于除化学变化气体外的所有特性，与紧张感优先级相同。
人马一体特性在宝可梦上场时会出现提示：“ [宝可梦的名字]同时拥有了两种特性！”，随后立刻出现紧张感的提示。
",266,人马一体,[蕾冠王]
6686a61e62777c498ff10b52,"
打倒对手时会用恐怖的声音嘶鸣并提高特攻。
","对战中该特性的宝可梦打败任意一方的一只宝可梦后，自身特攻提升1级。
",265,漆黑嘶鸣,[灵幽马]
6686a61e62777c498ff10b53,"
受到火属性的招式攻击时，攻击会提高，且不会陷入灼伤状态。
","对战中拥有该特性的宝可梦在受到火属性招式攻击时，自身攻击提升1级，且不会陷入灼伤状态。
处于替身状态时，不会触发此特性。
",270,热交换,"[凉脊龙, 冻脊龙, 戟脊龙]"
6686a61e62777c498ff10b54,"
受到攻击时，会将脚下变成青草场地。
","对战中拥有该特性的宝可梦在受到攻击时，场地会变为青草场地，持续5回合。
携带了道具大地膜的情况下，青草场地会持续8回合。
如果受到连续招式的攻击，则会在第一下攻击后布下青草场地。",269,掉出种子,[奥利瓦]
6686a61e62777c498ff10b55,"
因被对手攻击而ＨＰ变为一半时，会因愤怒降低防御和特防。但攻击、特攻、速度会提高。
","对战中当ＨＰ因受到攻击变为1⁄2以下时，防御和特防降低1级，攻击、特攻、速度提高1级。
若ＨＰ是由于间接伤害而降为1⁄2以下（如寄生种子、天气伤害、因混乱而攻击自身、生命宝珠等），该特性不会触发。",271,愤怒甲壳,[毛崖蟹]
6686a61e62777c498ff10b56,"
因洁净的盐而不会陷入异常状态。会让幽灵属性的招式伤害减半。
","对战中拥有该特性的宝可梦不会陷入异常状态。受到幽灵属性的招式的伤害变为1⁄2。
无法成功使出睡觉。
已经陷入异常状态的宝可梦获得该特性后，异常状态不会解除。
不影响幽灵属性的固定伤害类招式，如黑夜魔影的伤害。",272,洁净之盐,"[盐石宝, 盐石垒, 盐石巨灵]"
6686a61e62777c498ff10b57,"
受到火属性的招式攻击时，不会受到伤害，而是会大幅提高防御。
","对战中具有该特性的宝可梦不受火属性招式的影响，当被火属性的招式击中时，提升2级防御。
该特性只能令自身不受火属性招式的影响，不能将火属性招式的目标转移至自身。
该特性对火属性的变化招式有效。包括通过其他方式变为火属性的变化招式。
对于连续招式，只会触发1次特性效果。
触发该特性时，与没有效果相同，不会发动招式的追加效果。
",273,焦香之躯,[麻花犬]
6686a61e62777c498ff10b58,"
吹起了顺风或受到风的招式攻击时，不会受到伤害，而是会提高攻击。
","对战中拥有该特性的宝可梦不受风的招式影响，当被风的招式击中时，提升1级攻击。
己方场地上存在顺风时，攻击提高1级。
",274,乘风,"[狡猾天狗, 纳噬草, 怖纳噬草]"
6686a61e62777c498ff10b59,"
岩石属性的招式威力会提高。
","对战中拥有该特性的宝可梦使出的岩石属性的招式威力会提高50%。
",276,搬岩,[下石鸟]
6686a61e62777c498ff10b5a,"
受到风的招式攻击时，会变为充电状态。
","对战中受到风的招式攻击或己方使用顺风时，会进入充电状态。
",277,风力发电,"[电海燕, 大电海燕]"
6686a61e62777c498ff10b5b,"
受到威吓时，攻击会提高。让替换宝可梦的招式和道具无效。
","对战中拥有该特性的宝可梦受到威吓时，攻击不会下降，而是提升1级。
不受强制替换宝可梦的招式以及红牌的影响。
自身使用和后备宝可梦进行替换的招式或携带的逃脱按键不受该特性影响。
",275,看门犬,"[獒教父, 够赞狗]"
6686a61e62777c498ff10b5c,"
出场时，若我方当中有吃吼霸，就会进入其口中，并从其口中发出指令。
","对战中拥有该特性的米立龙出场时，若同伴之一为吃吼霸，就会进入其口中，出现提示：[米立龙的名字]作为发号施令的要员而被[吃吼霸的名字]吞下去了！。吃吼霸的攻击、防御、特攻、特防、速度提升2级，且无法替换下场（即使米立龙陷入濒死状态）。
米立龙在吃吼霸口中时，其状态与使用蓄力的招式离场时类似。无法对其下达指令，以其为目标的招式不会命中（即使使用者的特性为无防守）。
进入吃吼霸口中的米立龙仍会因为沙暴、异常状态等效果的影响而受到伤害。若米立龙此前已经陷入终焉之歌状态，进入口中后回合数仍会继续计算。
当吃吼霸陷入濒死状态时，米立龙从其口中离开并回到原来的位置。若另一只吃吼霸替换上场，发号施令会再次发动。相反，若吃吼霸口中的米立龙陷入濒死状态，即使再次换上任何一只米立龙，发号施令也不会再次发动。
米立龙的姿势会影响吃吼霸使用上菜时提高的能力。
该特性在多人对战或太晶团体战中没有效果。
",279,发号施令,[米立龙]
6686a61e62777c498ff10b5d,"
回到同行队伍后，会变为全能形态。
","对战中回到同行队伍后，会变为全能形态。
全能形态的海豚侠在陷入濒死状态、并在对战中恢复之后，仍然保持全能形态。",278,全能变身,[海豚侠]
6686a61e62777c498ff10b5e,"
受到伤害时，会变为充电状态。
","对战中受到伤害时，会进入充电状态。
连续招式每一击都会单独触发该特性。
充电状态不能叠加。",280,电力转换,[电肚蛙]
6686a61e62777c498ff10b5f,"
携带着驱劲能量或天气为晴朗时，数值最高的能力会提高。
","对战中携带驱劲能量或天气为大晴天时，除ＨＰ外数值最高的能力会提高30%；若该项能力为速度，则会提高50%。
即使携带万能伞，在大晴天下依旧能够发动该特性。
数值最高的能力的判断会计算能力变化，但不会计算携带道具、特性、状态变化等其他情况。
在大晴天下，发动该特性时即使携带了驱劲能量也不会消耗。
当数项能力同为最高时，按攻击、防御、特攻、特防、速度的顺序提升其中的一项。
在己方场地上存在黏黏网（状态）时，受影响的己方宝可梦交换上场时，速度先下降1级，再根据当前速度实际值判定能力提升。",281,古代活性,"[雄伟牙, 吼叫尾, 猛恶菇, 振翼发, 爬地翅, 沙铁皮, 轰鸣月, 波荡水, 破空焰, 猛雷鼓]"
6686a61e62777c498ff10b60,"
不会氧化的坚固黄金身躯不会受到对手的变化招式的影响。
","对战中拥有该特性的宝可梦不会受到其他宝可梦以该特性宝可梦为目标（之一）的变化招式的影响，例如：终焉之歌。
包括己方的其他宝可梦对该特性宝可梦使用变化招式依然无效，例如：帮助。
该特性宝可梦依然会受到以下招式的影响：
作用于该特性宝可梦一方范围的招式，例如：隐形岩；
作用于全场的招式，例如：黑雾、戏法空间。
",283,黄金之躯,[赛富豪]
6686a61e62777c498ff10b61,"
携带着驱劲能量或在电气场地上时，数值最高的能力会提高。
","对战中携带驱劲能量或对战场地处于电气场地状态时，除ＨＰ外数值最高的能力会提高30%；若该项能力为速度，则会提高50%。
场地处于电气场地时，无论特性拥有者是否为地面上的宝可梦均会发动。
数值最高的能力的判断会计算能力变化，但不会计算携带道具、特性、状态变化等其他情况。
在电气场地下，发动该特性时即使携带了驱劲能量也不会消耗。
当数项能力同为最高时，按攻击、防御、特攻、特防、速度的顺序提升其中的一项。
在己方场地上存在黏黏网（状态）时，受影响的己方宝可梦交换上场时，速度先下降1级，再根据当前速度实际值判定能力提升。",282,夸克充能,"[铁辙迹, 铁包袱, 铁臂膀, 铁脖颈, 铁毒蛾, 铁荆棘, 铁武者, 铁斑叶, 铁磐岩, 铁头壳]"
6686a69662777c498ff10b62,"
以能呼唤灾厄的鼎的力量降低除自己以外的宝可梦的特攻。
","对战中拥有该特性的宝可梦在场时，除拥有灾祸之鼎特性的宝可梦外，其他特性的宝可梦的特攻降低为原本的3⁄4。
破格不能无视该特性的效果。
场上存在多只特性为灾祸之鼎的宝可梦时，其他宝可梦受到的特攻降低效果不叠加。当拥有该特性的宝可梦登场时会出现提示：[宝可梦的名字]的灾祸之鼎令周围的宝可梦的特攻减弱了！
",284,灾祸之鼎,[古鼎鹿]
6686a69662777c498ff10b63,"
以能呼唤灾厄的剑的力量降低除自己以外的宝可梦的防御。
","对战中拥有该特性的宝可梦在场时，除拥有灾祸之剑特性的宝可梦外，其他特性的宝可梦的防御降低为原本的3⁄4。
破格不能无视该特性的效果。
场上存在多只特性为灾祸之剑的宝可梦时，其他宝可梦受到的防御降低效果不叠加。
其他特性的宝可梦使用扑击，用防御代替攻击进行计算时，其防御不视为3⁄4。
因混乱而攻击自身时，造成的伤害不会受到该特性的影响。
若场上处于奇妙空间，该特性的效果变为降低特防为原本的3⁄4。当拥有该特性的宝可梦登场时会出现提示：[宝可梦的名字]的灾祸之剑令周围的宝可梦的防御减弱了！
",285,灾祸之剑,[古剑豹]
6686a69662777c498ff10b64,"
以能呼唤灾厄的勾玉的力量降低除自己以外的宝可梦的特防。
","对战中拥有该特性的宝可梦在场时，除拥有灾祸之玉特性的宝可梦外，其他特性的宝可梦的特防降低为原本的3⁄4。
破格不能无视该特性的效果。
场上存在多只特性为灾祸之玉的宝可梦时，其他宝可梦受到的特防降低效果不叠加。
若场上处于奇妙空间，该特性的效果变为降低防御为原本的3⁄4。当拥有该特性的宝可梦登场时会出现提示：[宝可梦的名字]的灾祸之玉令周围的宝可梦的特防减弱了！
",287,灾祸之玉,[古玉鱼]
6686a69662777c498ff10b65,"
以能呼唤灾厄的简的力量降低除自己以外的宝可梦的攻击。
","对战中拥有该特性的宝可梦在场时，除拥有灾祸之简特性的宝可梦外，其他特性的宝可梦的攻击降低为原本的3⁄4。
破格不能无视该特性的效果。
场上存在多只特性为灾祸之简的宝可梦时，其他宝可梦受到的攻击降低效果不叠加。
其他特性的宝可梦因混乱而攻击自身时，受到的伤害不受该特性的影响。
其他特性的宝可梦使用扑击，用防御代替攻击进行计算时，将自身的防御视为3⁄4。
拥有该特性的宝可梦使用欺诈攻击其他特性的宝可梦时，不将目标的攻击视为3⁄4。
拥有该特性的宝可梦受到其他特性的宝可梦的欺诈攻击时，将自身的攻击视为3⁄4。当拥有该特性的宝可梦登场时会出现提示：[宝可梦的名字]的灾祸之简令周围的宝可梦的攻击减弱了！
",286,灾祸之简,[古简蜗]
6686a69662777c498ff10b66,"
出场时，会将天气变为晴朗。日照强烈时，会通过古代的脉动升高攻击。
","对战中拥有该特性的宝可梦出场时，天气转为大晴天并持续5回合。
天气为大晴天时，攻击提高1⁄3。
携带炽热岩石时，大晴天会持续8回合。
即使携带万能伞，在大晴天下攻击依然会提高。",288,绯红脉动,[故勒顿]
6686a69662777c498ff10b67,"
出场时，会布下电气场地。处于电气场地时，会通过未来的机关升高特攻。
","对战中拥有该特性的宝可梦出场时，会布下电气场地并持续5回合。
场地为电气场地时，特攻提高1⁄3。
携带大地膜时，电气场地会持续8回合。
无论特性拥有者是否为地面上的宝可梦，在电气场地下特攻都会提高。",289,强子引擎,[密勒顿]
6686a69662777c498ff10b68,"
对手的能力提高时，自己也会趁机同样地提高能力。
","对战中对手的能力提高时，拥有该特性的宝可梦也会提高相同的能力。
",290,跟风,[超能艳鸵]
6686a69662777c498ff10b69,"
吃了树果后，会在下一回合结束时从胃反刍出来再吃１次。
","对战中拥有该特性的宝可梦食用携带的树果，或受到投掷的树果影响后，会在下一回合结束时，无视食用该树果的前提条件再食用1次。如果中途替换宝可梦，则特性不会发动。
该特性不受紧张感影响。
通过包包使用的树果不受影响。
如果多次食用树果，反刍的回合数从食用最后一个树果开始重新计算，且反刍发动时只食用最后的树果。
与回收利用不同，该特性只会再次食用树果，并不会回收树果。
使用投掷把树果投出去的情况下，无论是使用投掷一方还是受到投掷一方都可以触发反刍。
如果反刍宝可梦A使用投掷把携带的树果投掷给反刍宝可梦B，那么两只宝可梦都可以发动反刍。
反刍发动前，如果拥有该特性的宝可梦无法受到该树果的影响，则特性不会发动：
ＨＰ全满时，不会食用回复ＨＰ的树果；
勿花果、异奇果、芒芒果、乐芭果和芭亚果除回复ＨＰ以外，还有令使用者陷入混乱状态的效果，因此即使ＨＰ全满也会食用。
对应能力变化等级已达最大时，不会食用提升能力变化等级的树果；
未处于对应异常状态时，不会食用解除异常状态的树果；
已经处于易中要害状态时，不会食用兰萨果。",291,反刍,"[肯泰罗, 奇麒麟]"
6686a69662777c498ff10b6a,"
提高切割对手的招式的威力。
","对战中拥有该特性的宝可梦使出的切割类招式威力会提高50%。
",292,锋锐,"[艾路雷朵, 大剑鬼, 劈斧螳螂, 轻身鳕]"
6686a69662777c498ff10b6b,"
出场时，攻击和特攻会按照目前被打倒的同伴数量逐渐提升，被打倒越多，提升越多。
","对战中拥有该特性的宝可梦一方，每有一只宝可梦陷入过濒死状态，该特性的宝可梦的招式威力提升10%，上限为50%。
进入战斗之前的濒死宝可梦不参与计算。
拥有该特性的宝可梦自身陷入濒死状态也会参与计算，且不会重置特性效果。
在对战中复活不会降低特性提升的数值。
在多人对战或太晶团体战中，同伴训练家的宝可梦陷入濒死状态不参与计算。",293,大将,[仆刀将军]
6686a69662777c498ff10b6c,"
出场时，复制同伴的能力变化。
","对战中拥有该特性的宝可梦出场时，会复制同伴的能力变化。
",294,同台共演,[缠红鹤]
6686a69662777c498ff10b6d,"
受到物理招式的伤害时，会在对手脚下散布毒菱。
","对战中拥有该特性的宝可梦受到物理招式攻击时，会向对手的场地撒下毒菱，使交换上场的宝可梦中毒。
可撒下两层毒菱，使交换上场的宝可梦进入剧毒状态。
对手场地上已有两层毒菱时，该特性不会触发。
连续招式的每一击都会触发此特性。
受到高速旋转或晶光转转攻击时，会先触发该特性撒下毒菱，然后毒菱被移除。",295,毒满地,"[晶光芽, 晶光花]"
6686a69662777c498ff10b6e,"
包裹头部的神秘尾巴使对手无法对我方使出先制招式。
","对战中让对方使出会影响己方的先制招式失败，包含受到恶作剧之心、先行治疗或疾风之翼影响使优先度大于0的招式。
该效果与出招顺序无关。只要是先制招式，即使慢于优先度为0的招式使出，己方仍会受到该特性的保护。",296,尾甲,[奇麒麟]
6686a69662777c498ff10b6f,"
受到地面属性的招式攻击时，不会受到伤害，而是会得到回复。
","对战中具有该特性的宝可梦不受地面属性招式的影响，当被地面属性的招式击中时，回复最大ＨＰ的1⁄4。
该特性只能令自身不受地面属性招式的影响，不能将地面属性招式的目标转移至自身。
该特性对地面属性的变化招式有效。包括通过其他方式变为地面属性的变化招式。
对于连续招式，只会触发1次特性效果。
触发该特性时，与没有效果相同，不会发动招式的追加效果。该特性的宝可梦进入守住状态无法通过被地面属性招式击中回复ＨＰ。",297,食土,[拖拖蚓]
6686a69662777c498ff10b70,"
使出变化招式时，虽然行动必定会变慢，但能不受对手的特性妨碍。
","对战中拥有该特性的宝可梦使出变化招式时，能够使目标自身、目标同伴以及自身同伴的一部分特性失效，并且在同一优先度下最晚行动。
",298,菌丝之力,"[原野水母, 陆地水母]"
6686a69662777c498ff10b71,"
出场时款待同伴，回复其少量ＨＰ。
","对战中出场时款待同伴，使其回复最大ＨＰ的1⁄4。
",299,款待,"[斯魔茶, 来悲粗茶]"
6686a69662777c498ff10b72,"
凭借含有毒素的锁链的力量，有时能让被招式击中的对手陷入剧毒状态。
","持有该特性的宝可梦攻击命中目标时，有30%的概率会令目标陷入剧毒状态。
",305,毒锁链,"[够赞狗, 愿增猿, 吉雉鸡]"
6686a69662777c498ff10b73,"
一般属性和格斗属性的招式可以击中幽灵属性的宝可梦。无视对手的闪避率的变化，且命中率不会被降低。
","持有该特性的宝可梦使出一般属性和格斗属性的招式时可以击中幽灵属性的宝可梦。
持有该特性的宝可梦无视对手的闪避率能力变化，且命中率能力变化不会被降低。
",300,心眼,[月月熊]
6686a69662777c498ff10b74,"
将回忆映于心中，让碧草面具发出光辉，提高自己的速度。
将回忆映于心中，让火灶面具发出光辉，提高自己的攻击。
将回忆映于心中，让水井面具发出光辉，提高自己的特防。
将回忆映于心中，让础石面具发出光辉，提高自己的防御。

","对战中根据厄诡椪的形态而改变效果。
碧草面具：每次出场时，速度上升1级。
水井面具：每次出场时，特防上升1级。
火灶面具：每次出场时，攻击上升1级。
础石面具：每次出场时，防御上升1级。
",301,面影辉映,
6686a69662777c498ff10b75,"
首次出场时，会散发出甜腻的蜜的香味来降低对手的闪避率。
","首次出场时，令对手的闪避率下降1级。
对处于飞翔、潜水、挖洞或暗影潜袭状态的宝可梦有效。
拥有恒净之躯、白色烟雾、金属防护特性的宝可梦不受影响。
处于替身状态的宝可梦不受影响。",306,甘露之蜜,"[裹蜜虫, 蜜集大蛇]"
6686a69662777c498ff10b76,"
出场时，会吸收周围的能量，变为太晶形态。
","出场时，会吸收周围的能量，变为太晶形态。
",308,太晶变形,[太乐巴戈斯]
6686a69662777c498ff10b77,"
太乐巴戈斯变为星晶形态时，蕴藏在它身上的力量会将天气和场地的影响全部归零。
","令场上所有的天气型状态和场地型状态消失。
每只宝可梦一场战斗中仅能发动1次。
",310,归零化境,[太乐巴戈斯]
6686a69662777c498ff10b78,"
甲壳蕴藏着全部属性的力量，会将自己ＨＰ全满时受到的伤害全都变为效果不好。
","拥有该特性的宝可梦在自身ＨＰ全满时，如果受到的攻击招式的属性相性倍率为1或以上，将变为效果不好（倍率为1⁄2）。
",309,太晶甲壳,[太乐巴戈斯]
6686a69662777c498ff10b79,"
因桃歹郎的招式而陷入中毒状态的对手同时也会陷入混乱状态。
","对战中桃歹郎的招式对其他宝可梦造成中毒状态时，那只宝可梦也会陷入混乱状态。
",311,毒傀儡,[桃歹郎]
6686a69662777c498ff10b7a,"","",1,拍击,
6686a69662777c498ff10b7b,"","",2,空手劈,
6686a69662777c498ff10b7c,"","",4,连续拳,
6686a69662777c498ff10b7d,"","",3,连环巴掌,
6686a69662777c498ff10b7e,"","",5,百万吨重拳,
6686a69662777c498ff10b7f,"","",7,火焰拳,
6686a69662777c498ff10b80,"","",6,聚宝功,
6686a69662777c498ff10b81,"","",9,雷电拳,
6686a69662777c498ff10b82,"","",8,冰冻拳,
6686a69662777c498ff10b83,"","",10,抓,
6686a69662777c498ff10b84,"","",11,夹住,
6686a69662777c498ff10b85,"","",12,极落钳,
6686a69662777c498ff10b86,"","",13,旋风刀,
6686a69662777c498ff10b87,"","",14,剑舞,
6686a69662777c498ff10b88,"","",15,居合劈,
6686a69662777c498ff10b89,"","",16,起风,
6686a69662777c498ff10b8a,"","",17,翅膀攻击,
6686a69662777c498ff10b8b,"","",18,吹飞,
6686a69662777c498ff10b8c,"","",20,绑紧,
6686a69662777c498ff10b8d,"","",21,摔打,
6686a69662777c498ff10b8e,"","",19,飞翔,
6686a69662777c498ff10b8f,"","",22,藤鞭,
6686a69662777c498ff10b90,"","",23,踩踏,
6686a69662777c498ff10b91,"","",24,二连踢,
6686a69662777c498ff10b92,"","",25,百万吨重踢,
6686a69662777c498ff10b93,"","",27,回旋踢,
6686a69662777c498ff10b94,"","",28,泼沙,
6686a69662777c498ff10b95,"","",26,飞踢,
6686a69662777c498ff10b96,"","",29,头锤,
6686a69662777c498ff10b97,"","",31,乱击,
6686a69662777c498ff10b98,"","",30,角撞,
6686a69662777c498ff10b99,"","",32,角钻,
6686a69662777c498ff10b9a,"","",33,撞击,
6686a69662777c498ff10b9b,"","",36,猛撞,
6686a69662777c498ff10b9c,"","",34,泰山压顶,
6686a69662777c498ff10b9d,"","",35,紧束,
6686a69662777c498ff10b9e,"","",38,舍身冲撞,
6686a69662777c498ff10b9f,"","",37,大闹一番,
6686a69662777c498ff10ba0,"","",39,摇尾巴,
6686a69662777c498ff10ba1,"","",41,双针,
6686a69662777c498ff10ba2,"","",40,毒针,
6686a69662777c498ff10ba3,"","",42,飞弹针,
6686a69662777c498ff10ba4,"","",44,咬住,
6686a69662777c498ff10ba5,"","",43,瞪眼,
6686a69662777c498ff10ba6,"","",45,叫声,
6686a69662777c498ff10ba7,"","",46,吼叫,
6686a69662777c498ff10ba8,"","",47,唱歌,
6686a69662777c498ff10ba9,"","",48,超音波,
6686a69662777c498ff10baa,"","",49,音爆,
6686a69662777c498ff10bab,"","",52,火花,
6686a69662777c498ff10bac,"","",50,定身法,
6686a69662777c498ff10bad,"","",51,溶解液,
6686a69662777c498ff10bae,"","",54,白雾,
6686a69662777c498ff10baf,"","",53,喷射火焰,
6686a69662777c498ff10bb0,"","",55,水枪,
6686a69662777c498ff10bb1,"","",56,水炮,
6686a69662777c498ff10bb2,"","",57,冲浪,
6686a69662777c498ff10bb3,"","",58,冰冻光束,
6686a69662777c498ff10bb4,"","",61,泡沫光线,
6686a69662777c498ff10bb5,"","",59,暴风雪,
6686a69662777c498ff10bb6,"","",60,幻象光线,
6686a69662777c498ff10bb7,"","",63,破坏光线,
6686a69662777c498ff10bb8,"","",62,极光束,
6686a69662777c498ff10bb9,"","",65,啄钻,
6686a69662777c498ff10bba,"","",64,啄,
6686a69662777c498ff10bbb,"","",66,深渊翻滚,
6686a69662777c498ff10bbc,"","",67,踢倒,
6686a69662777c498ff10bbd,"","",68,双倍奉还,
6686a69662777c498ff10bbe,"","",69,地球上投,
6686a69662777c498ff10bbf,"","",70,怪力,
6686a69662777c498ff10bc0,"","",71,吸取,
6686a69662777c498ff10bc1,"","",72,超级吸取,
